AEE,ARF,DWM,EFDT,EVQ,HAT,HT,KNNI,LVQ,LVQ2,LVQ2.1,LVQ3,NB,OB,SEVQ,SFAM
0.5,0.5,0.6944444444444444,0.6944444444444444,0.75,0.6944444444444444,0.6944444444444444,0.4444444444444444,0.6944444444444444,0.6944444444444444,0.6944444444444444,0.9444444444444444,0.6944444444444444,0.4444444444444444,0.4444444444444444,0.4444444444444444
0.5,0.5,0.9444444444444444,0.9444444444444444,1.0,0.9444444444444444,0.9444444444444444,0.75,0.9444444444444444,0.9444444444444444,0.9444444444444444,0.7777777777777778,0.9444444444444444,0.75,0.6388888888888891,0.75
0.5,0.5,0.6388888888888891,0.6388888888888891,0.6944444444444444,0.6388888888888891,0.6388888888888891,0.6944444444444444,0.6388888888888891,0.6944444444444444,0.6944444444444444,0.8333333333333334,0.6388888888888891,0.6944444444444444,0.6944444444444444,0.9444444444444444
0.5,0.5,0.6944444444444444,0.6944444444444444,0.6944444444444444,0.75,0.6944444444444444,0.75,0.6944444444444444,0.6944444444444444,0.6944444444444444,0.75,0.6944444444444444,0.75,0.9444444444444444,0.9444444444444444
0.5,1.0,1.0,1.0,0.9444444444444444,0.9444444444444444,1.0,1.0,1.0,1.0,1.0,0.8333333333333334,1.0,1.0,0.8333333333333334,0.7777777777777778
0.5,0.5416666666666666,0.7083333333333334,0.7083333333333334,0.7708333333333333,0.7083333333333334,0.7083333333333334,0.7083333333333334,0.7083333333333334,0.7083333333333334,0.7083333333333334,0.7083333333333334,0.7083333333333334,0.7083333333333334,0.7083333333333334,0.5416666666666666
0.5,0.75,0.6875,0.6875,0.75,0.6875,0.6875,0.75,0.75,0.6875,0.6875,0.5,0.6875,0.75,0.625,0.5625
0.5,0.5,0.6875,0.6875,0.75,0.6875,0.6875,0.75,0.6875,0.6875,0.6875,0.75,0.6875,0.75,0.6875,0.6875
0.5,0.5,0.75,0.75,0.6875,0.75,0.75,0.6875,0.875,0.9375,0.75,0.75,0.75,0.75,0.6875,0.4375
0.5,0.5,1.0,1.0,1.0,1.0,1.0,0.9375,1.0,1.0,1.0,0.9375,1.0,1.0,1.0,0.6875
0.7410256410256408,0.823076923076923,0.7782051282051282,0.8679487179487181,0.7217948717948718,0.8679487179487181,0.8679487179487181,0.7769230769230769,0.9064102564102564,0.8602564102564102,0.8679487179487181,0.8679487179487181,0.7410256410256408,0.8064102564102564,0.7166666666666667,0.7333333333333334
0.7230769230769232,0.8487179487179487,0.7230769230769232,0.8179487179487179,0.823076923076923,0.8179487179487179,0.8179487179487179,0.8064102564102564,0.8397435897435898,0.8269230769230769,0.8653846153846154,0.6846153846153846,0.7230769230769232,0.832051282051282,0.7769230769230769,0.7397435897435898
0.8410256410256409,0.8820512820512819,0.8576923076923076,0.8512820512820511,0.8474358974358974,0.8512820512820511,0.8512820512820511,0.8769230769230769,0.8641025641025641,0.8897435897435897,0.8641025641025641,0.8512820512820511,0.8410256410256409,0.8474358974358974,0.7846153846153846,0.7679487179487179
0.7508488964346349,0.8960101867572157,0.866723259762309,0.8565365025466893,0.8433786078098472,0.8433786078098472,0.8565365025466893,0.853565365025467,0.8696943972835315,0.8828522920203735,0.8696943972835315,0.8828522920203735,0.7508488964346349,0.853565365025467,0.8433786078098472,0.8272495755517827
0.7962648556876062,0.9252971137521224,0.7962648556876062,0.9019524617996604,0.8769100169779288,0.9019524617996604,0.9019524617996604,0.8930390492359933,0.9282682512733448,0.9282682512733448,0.9282682512733448,0.9151103565365026,0.7962648556876062,0.909168081494058,0.7729202037351443,0.815365025466893
0.8476230899830219,0.9049235993208828,0.8637521222410866,0.9078947368421052,0.8009337860780985,0.9078947368421052,0.9078947368421052,0.8756366723259762,0.9019524617996604,0.9019524617996604,0.8917657045840407,0.8111205432937181,0.8476230899830219,0.8595076400679117,0.797962648556876,0.8140916808149405
0.8123938879456706,0.8858234295415959,0.8123938879456706,0.6939728353140916,0.8242784380305602,0.8230050933786078,0.8230050933786078,0.8463497453310697,0.8200339558573855,0.8463497453310697,0.8200339558573855,0.7453310696095076,0.8123938879456706,0.8595076400679117,0.7758913412563667,0.797962648556876
0.7478777589134126,0.8930390492359933,0.7317487266553481,0.8726655348047538,0.9121392190152802,0.8726655348047538,0.8726655348047538,0.909168081494058,0.909168081494058,0.8989813242784381,0.8989813242784381,0.7041595925297113,0.7478777589134126,0.866723259762309,0.866723259762309,0.8565365025466893
0.815365025466893,0.8828522920203735,0.8051782682512735,0.8463497453310697,0.7758913412563667,0.7937181663837013,0.8463497453310697,0.8242784380305602,0.8595076400679117,0.8433786078098472,0.8272495755517827,0.8463497453310697,0.815365025466893,0.8051782682512735,0.7334465195246179,0.7699490662139218
0.7992359932088284,0.8726655348047538,0.815365025466893,0.8756366723259762,0.8022071307300509,0.8756366723259762,0.8756366723259762,0.8051782682512735,0.8624787775891339,0.8302207130730052,0.8624787775891339,0.5955008488964346,0.7992359932088284,0.8505942275042444,0.7860780984719864,0.7890492359932089
0.6026266902838381,0.8923402600768998,0.58545383851039,0.709940813064328,0.7767097248023501,0.7863582033668871,0.7248023501965698,0.8799916475857202,0.5797943578001469,0.5339568842614594,0.5715427485203266,0.5,0.6026266902838381,0.8885240707939114,0.8421393701127576,0.8591106118863495
0.5695842513788685,0.8906337754352616,0.5384859089010815,0.6970953759306462,0.773541567661756,0.6974985959303581,0.7111504730634639,0.8851111015106349,0.5529874281764376,0.5422516956841059,0.5362681989026655,0.5,0.5695842513788685,0.8931467000763238,0.8561944672455755,0.8693495197361788
0.5848490085108221,0.8852047061534253,0.5830345185121182,0.64407194596852,0.8614723290275197,0.5851946256534325,0.6151553117034605,0.8817917368701488,0.5471551388948892,0.5364194064025576,0.5403292003283363,0.5,0.5848490085108221,0.8716464336631097,0.8519750579628751,0.8448395040394003
0.5764101899454214,0.8729496983050358,0.5776702524445213,0.6751918895177201,0.8317492547630363,0.7248023501965698,0.6896502066502499,0.8890208954364136,0.5366066156881381,0.5451390388963292,0.5247260264109099,0.5,0.5764101899454214,0.894046744718538,0.8618107458129923,0.8566912918880777
0.6190284332911247,0.9053758489697248,0.5876885000575572,0.7172067457119834,0.8040606653620354,0.8152699435938761,0.7427333947277541,0.9023397030044894,0.5,0.5367790951997238,0.5500892137676989,0.5,0.6177046160930125,0.910354552780016,0.8816334753079312,0.8749424427305168
0.5738171981121216,0.8911304247726488,0.5829256360078278,0.7018101761252445,0.8140900195694716,0.7331069414066996,0.7021986876942558,0.9056060780476576,0.5651116611027973,0.5637878439046852,0.5252100840336135,0.5,0.5738171981121216,0.9021814205134108,0.8570421319212617,0.8582076666282952
0.5627662023713595,0.8847559571773914,0.5684499827328191,0.6734776102221709,0.8067946356624841,0.6791757799010015,0.6828162771958101,0.8705105329803154,0.5549240244042822,0.4982157246460228,0.5613848279037643,0.5,0.5627662023713595,0.8747122136525844,0.8600063312996431,0.858682514101531
0.5629244848624381,0.8922240128928284,0.5735150224473351,0.7123863243927708,0.7754978703810291,0.7465465638310119,0.7310636583400484,0.8912887072637274,0.5218429837688501,0.4741423966847013,0.5239582134223553,0.5,0.5629244848624381,0.8968142051341085,0.8835040865661333,0.8782088177736849
0.6199637389202256,0.9248302060550248,0.5960774720847244,0.7364308737193507,0.8079457810521469,0.7333947277541154,0.7617992402440427,0.9048290549096348,0.5540606653620352,0.5425348221480373,0.5644929204558535,0.5,0.6199637389202256,0.8968142051341085,0.8766547714976402,0.8793024058938644
0.5781771612754691,0.8964256935650973,0.6041786577644757,0.7065586508576033,0.7553384367445609,0.7719293196730748,0.7027454817543456,0.8994618395303327,0.5486934499827328,0.5395850120870266,0.5370956601818809,0.5,0.5781771612754691,0.8960371819960861,0.8503510993438471,0.8516749165419593
0.4833333333333334,0.5416666666666666,0.5499999999999999,0.5,0.4249999999999999,0.5,0.5,0.55,0.4833333333333333,0.45,0.5416666666666666,0.5666666666666667,0.5499999999999999,0.5166666666666667,0.6,0.6
0.6833333333333335,0.475,0.5916666666666668,0.5,0.4833333333333333,0.5,0.5,0.6166666666666667,0.6083333333333334,0.5833333333333333,0.6166666666666667,0.7416666666666667,0.5,0.5666666666666667,0.6833333333333335,0.6833333333333335
0.44166666666666665,0.6062500000000001,0.4833333333333333,0.5,0.5416666666666667,0.5,0.5,0.5104166666666667,0.5354166666666667,0.7041666666666666,0.46875,0.5791666666666667,0.4875,0.5770833333333333,0.4833333333333333,0.5416666666666667
0.5894736842105263,0.5666666666666667,0.6087719298245613,0.5,0.656140350877193,0.5,0.5,0.5228070175438597,0.6280701754385964,0.6298245614035087,0.5666666666666667,0.5964912280701755,0.6035087719298246,0.5228070175438597,0.6298245614035087,0.5105263157894737
0.5786713286713286,0.5541958041958042,0.6958041958041958,0.5,0.5332167832167831,0.5,0.5,0.6555944055944056,0.5384615384615384,0.5559440559440559,0.4702797202797203,0.4195804195804196,0.7412587412587412,0.6940559440559442,0.6940559440559442,0.7097902097902098
0.6346153846153846,0.6241258741258742,0.4982517482517482,0.5,0.5419580419580419,0.5,0.5,0.5716783216783217,0.5541958041958042,0.6416083916083916,0.6153846153846154,0.6101398601398601,0.4982517482517482,0.5716783216783217,0.5262237762237763,0.5804195804195804
0.7142857142857143,0.5833333333333333,0.6547619047619048,0.5,0.42857142857142855,0.5,0.5,0.5833333333333333,0.42857142857142855,0.6547619047619047,0.4761904761904762,0.4880952380952381,0.6547619047619048,0.6547619047619047,0.5714285714285714,0.6785714285714285
0.6333333333333334,0.6166666666666667,0.475,0.5,0.475,0.5750000000000001,0.5,0.6000000000000001,0.5916666666666668,0.675,0.5666666666666667,0.4833333333333334,0.6083333333333334,0.575,0.43333333333333335,0.4916666666666667
0.55,0.5166666666666666,0.5666666666666667,0.5,0.5916666666666668,0.5,0.5,0.7000000000000001,0.6416666666666666,0.5416666666666667,0.55,0.5333333333333333,0.5166666666666667,0.675,0.6333333333333334,0.7166666666666668
0.525,0.4916666666666666,0.5833333333333334,0.5,0.5583333333333333,0.5,0.5,0.7000000000000002,0.43333333333333335,0.4583333333333334,0.6666666666666666,0.475,0.5666666666666667,0.75,0.7750000000000001,0.6083333333333334
0.6547017973856208,0.5568218954248367,0.6293035130718955,0.6547017973856208,0.5618913398692811,0.6455861928104577,0.6547017973856208,0.5548611111111112,0.5489052287581702,0.5958517156862746,0.5699142156862746,0.5858047385620917,0.6547017973856208,0.5948080065359478,0.5618913398692811,0.58843545751634
0.6579202586206898,0.5120689655172415,0.6107758620689656,0.6579202586206898,0.6586745689655173,0.6667025862068967,0.6579202586206898,0.6463362068965519,0.5215517241379312,0.5342672413793105,0.551939655172414,0.5401131465517243,0.6579202586206898,0.7081896551724141,0.6088092672413794,0.550053879310345
0.6728799019607843,0.5261458333333334,0.6412111928104577,0.6728799019607843,0.6003962418300655,0.6451021241830066,0.6728799019607843,0.6444791666666667,0.5316299019607844,0.8278472222222223,0.6233333333333333,0.5931576797385621,0.6728799019607843,0.6443913398692811,0.6003962418300655,0.5631903594771241
0.5948275862068966,0.5710693760262727,0.5969827586206898,0.5668103448275863,0.6763136288998359,0.6279248768472908,0.5668103448275863,0.5986247947454846,0.5524938423645321,0.5248101395730707,0.5070043103448277,0.5583435960591133,0.5668103448275863,0.5479782430213466,0.6763136288998359,0.6426005747126438
0.6514980158730157,0.5957341269841269,0.6514980158730157,0.6514980158730157,0.5868055555555555,0.6064087301587301,0.6514980158730157,0.5685019841269842,0.6254960317460316,0.6022718253968253,0.5861309523809524,0.5190178571428572,0.6514980158730157,0.5825198412698414,0.5682341269841271,0.5575992063492062
0.6168836805555555,0.5272916666666667,0.6498697916666666,0.6168836805555555,0.6952256944444444,0.5,0.6168836805555555,0.6190538194444444,0.5822916666666665,0.5996354166666666,0.5553472222222223,0.5755208333333333,0.6168836805555555,0.6179079861111111,0.6460590277777777,0.6284982638888887
0.5983159722222222,0.5352517361111111,0.6318923611111109,0.5983159722222222,0.5744444444444444,0.6234895833333333,0.5983159722222222,0.5749826388888888,0.6331944444444444,0.61109375,0.5482638888888889,0.5207638888888888,0.5983159722222222,0.5562760416666667,0.5758333333333332,0.6166319444444445
0.6453776041666667,0.5883835565476191,0.6644345238095237,0.5,0.6299107142857142,0.7422433035714284,0.5,0.6169642857142856,0.656538318452381,0.6226097470238094,0.6072916666666667,0.7053199404761905,0.6453776041666667,0.6197916666666666,0.6163783482142856,0.6629650297619047
0.5796291903858318,0.6482171094244148,0.5943469323213157,0.5796291903858318,0.6099264705882352,0.5796291903858318,0.5796291903858318,0.5677063567362429,0.5495098039215687,0.5351636622390892,0.5760752688172044,0.6250968532574319,0.5796291903858318,0.5564120809614168,0.6028700189753321,0.6457424098671727
0.6864093137254901,0.6089583333333333,0.6864093137254901,0.6864093137254901,0.6169485294117646,0.7360784313725491,0.6864093137254901,0.6604166666666668,0.6554166666666666,0.6102941176470588,0.529828431372549,0.6365808823529412,0.6864093137254901,0.6325000000000001,0.6169485294117646,0.6252205882352939
0.5672463130090248,0.5,0.5176645388509796,0.5,0.5297435615232224,0.4983766233766234,0.5084745762711864,0.5046866974833076,0.5,0.5852777166336488,0.5,0.5,0.5672463130090248,0.5057689485655587,0.5859931029422555,0.599695502237875
0.565265243231345,0.5,0.5474172719935431,0.5,0.5735563871157091,0.5,0.5,0.5385850025680534,0.5,0.5562495414190329,0.5,0.5,0.565265243231345,0.5306515518379926,0.5939265536723164,0.5690439503998826
0.4945141065830722,0.5,0.49725705329153597,0.5,0.5074264815644126,0.5,0.5,0.5048328108672936,0.5,0.5,0.5,0.5,0.4950552321241977,0.4989177489177489,0.4884870876250186,0.4814524555903866
0.547824302134647,0.5,0.5339043140767279,0.5,0.536535303776683,0.4994588744588744,0.5,0.5026683087027914,0.5,0.5,0.5,0.5,0.5472831765935214,0.5064561874906702,0.5552881027018958,0.5660732945215703
0.5505672488431109,0.5,0.5339043140767279,0.5236975668010151,0.5360314972383938,0.5258620689655172,0.5086206896551724,0.4994588744588744,0.5,0.5059150619495447,0.5,0.5,0.5505672488431109,0.4994588744588744,0.5629011792804897,0.5801425585908344
0.5489438722197344,0.5,0.525824749962681,0.5,0.5397820570234363,0.4962121212121212,0.4994588744588744,0.5086206896551724,0.5,0.5,0.5,0.5,0.5564823107926555,0.5086206896551724,0.5402485445588894,0.5504552918346022
0.5625355785298493,0.5,0.5052243054152817,0.5158657289237379,0.5270121380171512,0.506849440843234,0.5073911526525515,0.5088234754026112,0.5,0.5225223570890795,0.5,0.5,0.5630772903391668,0.5025157463686946,0.5342104779918101,0.5282516480893182
0.5419872560001469,0.5,0.5088234754026112,0.4989165763813651,0.5089795618561435,0.5,0.5,0.4929577464788733,0.5,0.5,0.5,0.5,0.5419872560001469,0.4994582881906826,0.5230273426740364,0.5058853774537708
0.5392786969535597,0.5,0.495124593716143,0.4989165763813651,0.5089795618561435,0.4994582881906826,0.5084745762711864,0.5052243054152817,0.5,0.5198137980424923,0.5,0.5,0.5398204087628771,0.5063077290339166,0.5149016655342746,0.512734818297005
0.5526286795086032,0.5,0.5504618322713334,0.5237985933856071,0.5207044089832344,0.5,0.4989165763813651,0.5295646106102062,0.5,0.5,0.4994582881906826,0.5,0.5526286795086032,0.5205483225297024,0.5471748351910681,0.5736819876232624
0.6166601212557096,0.5,0.5084837989249753,0.590276989174048,0.5619570463320462,0.5919046672723143,0.590276989174048,0.5479415865445277,0.5,0.5793564047240518,0.5,0.5288692053397935,0.590276989174048,0.5654016674237262,0.5452406187700305,0.5349505230019936
0.64848264756353,0.5,0.5,0.6823930022459435,0.584127457289222,0.6689756983874631,0.6823930022459435,0.6053113249804427,0.5,0.5334438955762485,0.5,0.523787048603225,0.6823930022459435,0.5100282793297499,0.6186115211850507,0.5664875747596335
0.6079639907764909,0.5,0.5070626633126633,0.6224133646008646,0.5133941462066461,0.6282448313698314,0.6224133646008646,0.5747395903645904,0.5,0.5976709336084336,0.5,0.5492634008259009,0.6224133646008646,0.5757470757470757,0.5231827575577577,0.498167045042045
0.5899411712737044,0.5,0.5,0.5874076903488671,0.593612769783238,0.6062009219272125,0.5874076903488671,0.5847741694080231,0.5,0.5706724248140814,0.5,0.596126762393269,0.5874076903488671,0.6170247319707104,0.5087229697073635,0.4928308985932036
0.59693617706823,0.5,0.5410592808551993,0.6020577061993629,0.5775608944876652,0.5996710372460674,0.6020577061993629,0.6051745373474066,0.5,0.5502980412944399,0.5,0.5144473373765092,0.6020577061993629,0.5727277924156676,0.5493067356812855,0.5540138133175349
0.6191775411463288,0.5,0.5,0.6333598374414702,0.5840297157824169,0.6453646393622384,0.6333598374414702,0.6551074975444724,0.5,0.5504747353486851,0.5,0.5379671349059105,0.6333598374414702,0.6161503562463947,0.5465199066639643,0.5538838912188253
0.5911000763941942,0.5,0.5844623563711199,0.618087494738155,0.5266821014119935,0.6269195990084346,0.618087494738155,0.5621040624041825,0.5175732630714625,0.5392403714732648,0.5,0.5639203733441429,0.618087494738155,0.5228610924889436,0.5024906066322634,0.5332184821980741
0.60805880793876,0.5,0.4958411936203053,0.6137377028733572,0.5688561138741212,0.6210601123566311,0.6137377028733572,0.6193399437697157,0.5114903104098784,0.5343059301642736,0.5,0.4979628214922333,0.6137377028733572,0.5776765251555168,0.5910623989855683,0.6031438549445752
0.6038610249294524,0.5,0.545975533070371,0.6325725095232898,0.5744583547704797,0.6279420859252792,0.6325725095232898,0.5865216216356673,0.5,0.5584805350711713,0.5,0.5012082755179995,0.6325725095232898,0.5766904164263109,0.5919016957432325,0.5754951331181825
0.5826984019414218,0.5,0.5441267905011467,0.6066612128722457,0.5418167266906762,0.6039585188914275,0.6066612128722457,0.5378293790634533,0.5,0.5687218435761401,0.5116901599349417,0.5431809820702475,0.6066612128722457,0.5849735055312447,0.5592083607636603,0.5737526193273008
0.9455510204081634,0.8888571428571428,0.9455510204081634,0.9641224489795917,0.9442857142857144,0.9455510204081634,0.9455510204081634,0.9442857142857142,0.9442857142857142,0.9442857142857142,0.9442857142857142,0.9289795918367344,0.9455510204081634,0.9628571428571427,0.9628571428571427,0.8727210884353742
0.9063690476190474,0.9660317460317458,0.9063690476190474,0.8615674603174599,0.9849206349206348,0.8874801587301585,0.9063690476190474,0.9849206349206348,0.9698412698412696,0.9509523809523804,0.9660317460317458,0.8989105339105337,0.9063690476190474,0.9849206349206348,0.9849206349206348,0.8717857142857142
0.9816216216216216,0.9632432432432432,0.9816216216216216,0.9837837837837836,1.0,1.0,0.9816216216216216,1.0,1.0,1.0,1.0,0.8379361179361178,0.9816216216216216,1.0,0.9837837837837836,0.8870454545454545
0.924710648148148,0.9444444444444444,0.8906828703703703,0.9115162037037036,0.9613636363636364,0.924710648148148,0.924710648148148,0.9717803030303028,0.9717803030303028,0.9717803030303028,0.9717803030303028,0.9330492424242424,0.924710648148148,0.9717803030303028,0.9119791666666662,0.8012310606060604
0.9480308880308884,1.0,0.9480308880308884,0.9163770913770916,1.0,0.9664092664092664,0.9480308880308884,1.0,1.0,1.0,1.0,0.975921375921376,0.9480308880308884,1.0,0.9837837837837838,0.96988416988417
0.9613888888888888,1.0,0.9611111111111109,0.8900529100529099,0.9485185185185182,0.9613888888888888,0.9613888888888888,0.9671296296296296,0.9813888888888886,0.9813888888888886,0.9813888888888886,0.9457828282828282,0.9613888888888888,0.9671296296296296,0.9485185185185182,0.8948995911495911
0.9292380952380952,0.9267619047619048,0.8918095238095237,0.8187755102040815,0.9833333333333334,0.9103809523809524,0.9292380952380952,1.0,1.0,1.0,1.0,0.9814285714285716,0.9292380952380952,1.0,0.9666666666666668,0.8299795918367346
0.9630476190476192,0.929714285714286,0.9630476190476192,0.8899047619047621,0.9811428571428572,0.9652380952380952,0.9630476190476192,0.9811428571428572,0.9811428571428572,0.9811428571428572,0.9811428571428572,0.880900432900433,0.9630476190476192,0.9811428571428572,0.9622857142857144,0.8530735930735933
0.9604166666666668,0.946342592592592,0.9604166666666668,0.8740740740740742,0.9714436026936026,0.9604166666666668,0.9604166666666668,0.9835648148148148,0.9835648148148148,0.9835648148148148,1.0,0.8948526936026931,0.9604166666666668,0.9835648148148148,0.9692676767676768,0.8810101010101008
0.9258571428571426,0.9224285714285712,0.874142857142857,0.8758843537414963,0.9289523809523808,0.9258571428571426,0.9258571428571426,0.95,0.95,0.95,0.95,0.8570952380952379,0.9258571428571426,0.95,0.9289523809523808,0.8369081632653059
0.4854943064182194,0.5806677018633541,0.6237318840579711,0.5409679089026914,0.6338250517598344,0.586620082815735,0.5409679089026914,0.6073110766045549,0.6771739130434783,0.6970108695652174,0.6821557971014495,0.5844720496894411,0.5409679089026914,0.6073110766045549,0.6510610766045549,0.6499741200828159
0.6469073498964804,0.5536620082815736,0.5851837474120084,0.6916666666666669,0.5613483436853003,0.6283126293995861,0.6916666666666669,0.7229166666666668,0.6662008281573499,0.8174042443064184,0.6580486542443064,0.6191899585921325,0.6916666666666669,0.7229166666666668,0.7342132505175986,0.7248188405797102
0.6386645962732919,0.6667701863354037,0.6404891304347826,0.6516304347826087,0.8354813664596277,0.6692934782608696,0.6516304347826087,0.7711956521739132,0.6684394409937887,0.7776009316770188,0.6717779503105591,0.6770186335403728,0.6516304347826087,0.702717391304348,0.9187500000000002,0.7300983436853002
0.5653273809523809,0.7273133116883116,0.557900432900433,0.5864718614718616,0.7979301948051946,0.6043695887445888,0.5864718614718616,0.8386363636363635,0.7758522727272725,0.665246212121212,0.7789366883116882,0.6210633116883117,0.5864718614718616,0.7613636363636362,0.8695211038961037,0.818668831168831
0.5938311688311686,0.6525974025974025,0.6532061688311688,0.6169237012987013,0.8510551948051948,0.6612418831168831,0.6169237012987013,0.8103490259740258,0.6093344155844156,0.6637581168831168,0.6486201298701297,0.7842532467532466,0.6169237012987013,0.8314529220779219,0.9149756493506492,0.9803977272727272
0.659090909090909,0.6769480519480521,0.5621212121212122,0.6946022727272727,0.8107142857142856,0.6754464285714286,0.6946022727272727,0.6899756493506494,0.8350514069264069,0.8472673160173159,0.780681818181818,0.7435606060606059,0.6946022727272727,0.8118506493506492,0.8100243506493505,0.8424377705627706
0.6530612244897956,0.7051020408163263,0.6973922902494328,0.6973922902494328,0.6821995464852607,0.6399092970521539,0.6973922902494328,0.7004535147392289,0.6617913832199546,0.5739229024943311,0.6524943310657596,0.6768707482993196,0.6973922902494328,0.7456916099773241,0.7464852607709749,0.6596371882086166
0.567857142857143,0.5907142857142859,0.582857142857143,0.6171428571428571,0.7735714285714287,0.6371428571428571,0.6171428571428571,0.8178571428571428,0.7435714285714287,0.7914285714285715,0.7135714285714285,0.5921428571428572,0.6171428571428571,0.8978571428571429,0.8978571428571429,0.877857142857143
0.5957142857142858,0.6442857142857144,0.5900000000000001,0.6092857142857141,0.8114285714285716,0.6892857142857144,0.6092857142857141,0.7035714285714286,0.7935714285714287,0.7335714285714287,0.5907142857142857,0.5335714285714285,0.6092857142857141,0.7878571428571428,0.8514285714285716,0.9157142857142858
0.4131944444444444,0.5610119047619048,0.4330357142857143,0.4682539682539682,0.7633928571428572,0.4682539682539682,0.4682539682539682,0.7633928571428572,0.6845238095238095,0.5515873015873016,0.7633928571428572,0.5882936507936508,0.4682539682539682,0.7896825396825397,0.6671626984126984,0.63640873015873
0.7020089285714286,0.6564360119047619,0.7020089285714286,0.7020089285714286,0.5509672619047621,0.7775297619047619,0.7020089285714286,0.5917038690476191,0.68359375,0.6296502976190476,0.6214657738095238,0.6644345238095237,0.7020089285714286,0.5917038690476191,0.5563616071428572,0.7501860119047619
0.74609375,0.6564360119047619,0.74609375,0.74609375,0.6398809523809523,0.7373511904761905,0.74609375,0.5139508928571428,0.5926339285714286,0.5522693452380952,0.5598958333333333,0.6912202380952381,0.74609375,0.5037202380952381,0.6800595238095238,0.7228422619047619
0.7059151785714286,0.4760044642857143,0.7059151785714286,0.7059151785714286,0.8318452380952381,0.7159598214285714,0.7059151785714286,0.6774553571428572,0.4425223214285714,0.36923363095238104,0.4769345238095238,0.4421502976190477,0.7059151785714286,0.6882440476190477,0.8318452380952381,0.8284970238095238
0.8794642857142856,0.7319568452380952,0.8794642857142856,0.8794642857142856,0.7881324404761905,0.8441220238095238,0.8794642857142856,0.6344866071428572,0.5111607142857143,0.5671502976190477,0.720610119047619,0.6350446428571428,0.8794642857142856,0.5539434523809523,0.6798735119047621,0.8815104166666667
0.74609375,0.7074032738095238,0.7916666666666667,0.74609375,0.6071428571428572,0.74609375,0.74609375,0.5241815476190477,0.3798363095238095,0.5186011904761905,0.6201636904761905,0.5120907738095238,0.74609375,0.5267857142857143,0.6125372023809523,0.6928943452380953
0.833891369047619,0.833891369047619,0.833891369047619,0.833891369047619,0.8045014880952381,0.7970610119047619,0.833891369047619,0.3826264880952381,0.4268973214285714,0.833891369047619,0.4936755952380952,0.6586681547619049,0.833891369047619,0.4228050595238095,0.7717633928571428,0.80859375
0.7427455357142857,0.7916666666666667,0.7427455357142857,0.7427455357142857,0.8426339285714286,0.6657366071428571,0.7427455357142857,0.6398809523809523,0.5498511904761905,0.8318452380952381,0.6147693452380952,0.5204613095238095,0.7427455357142857,0.7107514880952381,0.7643229166666666,0.6073288690476191
0.9270833333333331,0.8413318452380953,0.806547619047619,0.806547619047619,0.7712053571428572,0.8392857142857143,0.806547619047619,0.5293898809523809,0.8018973214285715,0.9244791666666666,0.5982142857142857,0.4765625,0.806547619047619,0.5723586309523809,0.7712053571428572,0.6982886904761906
0.6657366071428571,0.7883184523809523,0.5494791666666666,0.6657366071428571,0.8283110119047621,0.7113095238095238,0.6657366071428571,0.6698288690476191,0.7546502976190477,0.5161830357142857,0.6264880952380952,0.6235119047619048,0.6657366071428571,0.6268601190476191,0.79296875,0.7632068452380953
0.8229166666666667,0.9114583333333336,0.8671875,0.8229166666666667,0.765625,0.8671875,0.8229166666666667,0.55859375,0.7695312500000002,0.8671875,0.6927083333333333,0.5911458333333334,0.8229166666666667,0.6471354166666666,0.6328125000000001,0.7213541666666666
0.8333333333333333,0.7250000000000001,0.8333333333333333,0.8333333333333333,0.6,0.8416666666666667,0.8333333333333333,0.675,0.7666666666666666,0.7333333333333333,0.7999999999999999,0.5583333333333335,0.8333333333333333,0.7000000000000001,0.7083333333333334,0.6416666666666666
0.925,0.8083333333333333,0.925,0.925,0.7583333333333334,0.9583333333333331,0.925,0.7333333333333333,0.7666666666666666,0.7666666666666666,0.7666666666666666,0.8083333333333333,0.925,0.8416666666666667,0.6833333333333333,0.8333333333333333
0.8250000000000001,0.7833333333333334,0.8250000000000001,0.8250000000000001,0.7000000000000001,0.8666666666666667,0.8250000000000001,0.7416666666666667,0.8250000000000001,0.8250000000000001,0.7833333333333334,0.7833333333333334,0.8250000000000001,0.7416666666666667,0.7000000000000001,0.6833333333333333
0.8916666666666666,0.7750000000000001,0.8916666666666666,0.8916666666666666,0.8166666666666668,0.8583333333333333,0.8916666666666666,0.8500000000000001,0.8083333333333333,0.8083333333333333,0.7666666666666666,0.7500000000000002,0.8916666666666666,0.8500000000000001,0.7833333333333334,0.6083333333333334
0.7750000000000001,0.8500000000000001,0.675,0.7750000000000001,0.7833333333333334,0.7750000000000001,0.7750000000000001,0.7750000000000001,0.8083333333333333,0.8083333333333333,0.8083333333333333,0.7500000000000002,0.7750000000000001,0.7750000000000001,0.7250000000000001,0.6583333333333334
0.8416666666666667,0.875,0.8416666666666667,0.8416666666666667,0.7999999999999999,0.8416666666666667,0.8416666666666667,0.875,0.875,0.875,0.875,0.7583333333333334,0.8416666666666667,0.875,0.7333333333333333,0.6833333333333333
0.9333333333333332,0.8833333333333334,0.9,0.9333333333333332,0.7500000000000002,0.9333333333333332,0.9333333333333332,0.8916666666666666,0.8583333333333333,0.8583333333333333,0.8916666666666666,0.7916666666666667,0.9333333333333332,0.8916666666666666,0.7833333333333334,0.7500000000000002
0.8500000000000001,0.8500000000000001,0.8500000000000001,0.8500000000000001,0.8166666666666668,0.8500000000000001,0.8500000000000001,0.8500000000000001,0.8916666666666666,0.8916666666666666,0.8916666666666666,0.7250000000000001,0.8500000000000001,0.7750000000000001,0.8583333333333333,0.7250000000000001
0.6500000000000001,0.6833333333333333,0.6500000000000001,0.6500000000000001,0.7333333333333333,0.6166666666666667,0.6500000000000001,0.6500000000000001,0.6166666666666667,0.5750000000000001,0.5750000000000001,0.6083333333333334,0.6500000000000001,0.6083333333333334,0.6583333333333334,0.7583333333333334
0.925,0.8583333333333333,0.925,0.925,0.9583333333333331,0.925,0.925,1.0,1.0,0.9666666666666668,1.0,0.7500000000000002,0.925,1.0,0.925,0.7833333333333334
0.75,0.75,0.75,0.75,0.75,0.75,0.75,0.75,0.75,0.75,0.75,0.625,0.75,0.75,0.625,0.75
0.75,0.5,0.75,0.75,0.75,0.75,0.75,0.75,0.5,0.5,0.5,0.8333333333333333,0.75,0.75,0.75,0.5
0.5,0.5,0.5,0.5,0.5,0.5,0.5,0.5,0.5,0.5,0.5,0.5,0.5,0.5,0.5,0.5
0.9166666666666669,1.0,0.9166666666666669,0.9166666666666669,0.3333333333333333,0.9166666666666669,0.9166666666666669,1.0,0.4166666666666667,0.9166666666666669,0.9166666666666669,0.75,0.9166666666666669,1.0,0.3333333333333333,0.4166666666666667
0.5,0.5,0.5,0.5,0.5,0.5,0.5,0.5,0.5,0.5,0.5,0.5,0.5,0.5,0.5,0.5
1.0,0.75,1.0,1.0,0.75,1.0,1.0,0.75,0.5,0.75,0.75,0.1875,1.0,0.75,0.75,0.5
0.75,0.75,0.75,0.75,0.875,0.75,0.75,0.625,0.5,0.625,0.625,0.375,0.75,0.625,1.0,0.75
0.35714285714285715,0.42857142857142855,0.35714285714285715,0.35714285714285715,0.35714285714285715,0.35714285714285715,0.35714285714285715,0.35714285714285715,0.5,0.35714285714285715,0.42857142857142855,0.7142857142857143,0.35714285714285715,0.35714285714285715,0.2857142857142857,0.5
0.75,0.75,0.75,0.75,0.75,0.75,0.75,0.75,0.5,0.5,0.5,0.6944444444444444,0.75,0.75,0.5,0.5
1.0,0.95,1.0,1.0,0.35,1.0,1.0,0.9,0.95,0.95,0.45,0.8,1.0,0.9,0.35,0.5
0.8659120370370368,0.8062638888888886,0.8531435185185181,0.8352453703703702,0.7754398148148145,0.8334120370370366,0.8659120370370368,0.8490370370370368,0.8443287037037034,0.8555509259259256,0.8466620370370368,0.8655509259259256,0.8659120370370368,0.8581481481481479,0.6097268518518519,0.8002407407407405
0.8156269841269841,0.8012420634920636,0.786589947089947,0.7008677248677248,0.7950674603174602,0.7944047619047621,0.8156269841269841,0.8273994708994709,0.7805476190476193,0.8230555555555555,0.8151309523809523,0.7942513227513228,0.8156269841269841,0.8376111111111111,0.6722645502645503,0.7194576719576719
0.8581342592592597,0.8585138888888892,0.7873055555555559,0.7889861111111115,0.8356898148148153,0.8470231481481486,0.8581342592592597,0.8581527777777782,0.8802453703703705,0.8556203703703708,0.8802453703703705,0.8794953703703707,0.8581342592592597,0.8684675925925929,0.6433379629629632,0.8118287037037039
0.8112870370370371,0.8211574074074075,0.7507129629629631,0.7888055555555556,0.8208703703703704,0.7999537037037038,0.8112870370370371,0.8452685185185186,0.8349259259259258,0.8572407407407407,0.8348148148148148,0.8050092592592593,0.8112870370370371,0.8119351851851853,0.7146759259259261,0.8015370370370372
0.8117962962962966,0.8106666666666666,0.694712962962963,0.712425925925926,0.8304814814814815,0.8227962962962966,0.8117962962962966,0.8095000000000001,0.8763148148148149,0.7997777777777778,0.8648148148148149,0.7356203703703704,0.8117962962962966,0.8205000000000002,0.6140648148148148,0.787962962962963
0.8768425925925926,0.8815052910052911,0.8553055555555555,0.8580052910052909,0.8677499999999999,0.8667500000000001,0.8768425925925926,0.8566388888888891,0.8472870370370371,0.8887314814814815,0.8357923280423281,0.8202552910052909,0.8768425925925926,0.8791944444444444,0.6679219576719575,0.850931216931217
0.7776455026455028,0.7855092592592593,0.7471759259259261,0.7985317460317459,0.815191798941799,0.7559589947089949,0.7778835978835981,0.7661375661375662,0.8219312169312171,0.7991071428571428,0.8248478835978836,0.6955423280423282,0.7778835978835981,0.7877843915343915,0.6419907407407407,0.7522619047619049
0.8630291005291005,0.8730198412698413,0.7737420634920636,0.7640661375661377,0.8292156084656085,0.8518068783068782,0.8630291005291005,0.8613571428571428,0.7782513227513228,0.8134550264550264,0.8506679894179895,0.7889484126984125,0.8630291005291005,0.8843809523809525,0.6204722222222223,0.7663769841269841
0.7967777777777779,0.8214814814814817,0.8417962962962965,0.7621296296296299,0.7865740740740742,0.7969629629629632,0.7967777777777779,0.7968888888888891,0.8414814814814816,0.8290925925925928,0.8303703703703705,0.7023333333333336,0.7967777777777779,0.8069814814814817,0.651962962962963,0.8090925925925928
0.8444135802469135,0.8339153439153439,0.7810207231040565,0.8417592592592593,0.7975837742504409,0.8518738977072311,0.8444135802469135,0.8149294532627867,0.8174757495590829,0.8299029982363315,0.8426807760141092,0.7703395061728394,0.8444135802469135,0.8299029982363315,0.6711177248677248,0.7950507054673721
0.9070175438596492,0.9201754385964912,0.90906432748538,0.9222222222222224,0.8847953216374268,0.9070175438596492,0.9070175438596492,0.91812865497076,0.886842105263158,0.886842105263158,0.886842105263158,0.8757309941520468,0.9070175438596492,0.9070175438596492,0.7654970760233917,0.7918128654970761
0.8440667859272509,0.905784138342278,0.8440667859272509,0.8580799045915325,0.7426952892069172,0.8673225998807393,0.8440667859272509,0.7927847346451997,0.7823494335122243,0.7823494335122243,0.7951699463327371,0.8231961836613001,0.8440667859272509,0.8044126416219439,0.6949910554561717,0.7206320810971973
0.8541666666666666,0.8910714285714286,0.8541666666666666,0.5767857142857143,0.8279761904761903,0.8541666666666666,0.8541666666666666,0.8404761904761904,0.8422619047619048,0.8422619047619048,0.8422619047619048,0.7708333333333335,0.8541666666666666,0.8279761904761903,0.7553571428571428,0.7797619047619048
0.8209459459459459,0.8209459459459459,0.8230958230958231,0.8344594594594594,0.7847051597051597,0.8323095823095823,0.8209459459459459,0.8528869778869781,0.8003685503685505,0.8003685503685505,0.789004914004914,0.7727272727272727,0.8209459459459459,0.8074324324324325,0.6695331695331694,0.7441646191646192
0.7755813953488373,0.7156976744186045,0.7755813953488373,0.7406976744186046,0.7622093023255814,0.7639534883720931,0.7755813953488373,0.7854651162790698,0.7290697674418605,0.7290697674418605,0.7290697674418605,0.6808139534883721,0.7755813953488373,0.7854651162790698,0.7470930232558141,0.7462209302325582
0.8125,0.7625000000000001,0.8125,0.775,0.7875,0.7875,0.8125,0.7750000000000001,0.7749999999999999,0.7749999999999999,0.7625000000000002,0.7374999999999999,0.8125,0.8124999999999999,0.6874999999999999,0.6875
0.8604651162790697,0.8488372093023255,0.8720930232558141,0.8720930232558141,0.8604651162790697,0.8372093023255814,0.8604651162790697,0.8488372093023256,0.8255813953488372,0.8255813953488372,0.8488372093023255,0.7209302325581395,0.8604651162790697,0.8372093023255814,0.7790697674418604,0.8023255813953488
0.7745320476460579,0.7983550765740215,0.7745320476460579,0.4685195689166193,0.7390811117413499,0.7629041406693137,0.7745320476460579,0.7612024957458876,0.7750992626205331,0.7750992626205331,0.7750992626205331,0.7146908678389109,0.7745320476460579,0.7246171298922293,0.6537152580828134,0.6891661939875213
0.7822299651567943,0.7950058072009293,0.7944250871080138,0.7584204413472706,0.7595818815331011,0.7822299651567943,0.7822299651567943,0.7473867595818816,0.7578397212543554,0.7578397212543554,0.7578397212543554,0.7238675958188154,0.7822299651567943,0.7595818815331011,0.7590011614401858,0.7224157955865272
0.7790697674418604,0.7790697674418604,0.8023255813953489,0.7790697674418605,0.8023255813953488,0.7906976744186046,0.7790697674418604,0.7558139534883721,0.8023255813953489,0.8023255813953489,0.8023255813953489,0.7209302325581395,0.7790697674418604,0.7674418604651163,0.7093023255813953,0.6744186046511628
0.5937343796374707,0.5901922217756711,0.5662604301680145,0.5915396569795709,0.5835679089548814,0.5985216177005018,0.5937343796374707,0.5832884933725849,0.5,0.5,0.5,0.5779632059394444,0.5937343796374707,0.5957134559958106,0.5772128776022559,0.5749193230210914
0.5744879599484927,0.5799426758295286,0.5682338568898728,0.5971835469803914,0.5889759715768714,0.5740917294033314,0.5744879599484927,0.5913279913067139,0.5,0.5,0.5,0.5507585129226701,0.5744879599484927,0.5912634508987492,0.5654686473344709,0.5617267527909053
0.5854158926689357,0.5950093123680777,0.5667573934507377,0.571421310035219,0.581533140626014,0.5826739773596293,0.5854158926689357,0.5836073396085002,0.5,0.5,0.5,0.5645043179413245,0.5854158926689357,0.5785764494223639,0.5737779081196895,0.5751295226693574
0.5949214234423187,0.5860973953747401,0.5881258250539362,0.5850473208480068,0.589378146072849,0.5918418418776537,0.5949214234423187,0.5932310843397472,0.5,0.5,0.5,0.5445238431835401,0.5949214234423187,0.5853280052118278,0.5897106869379798,0.5850825817203024
0.5830367508512297,0.5912185625244618,0.5712133234999921,0.5879778578050171,0.6155861009147371,0.5866786922643914,0.5830367508512297,0.5762916674544306,0.5,0.5,0.5,0.5585799194958315,0.5830367508512297,0.5730442582443849,0.5908611222301786,0.5909179543682088
0.6001621469877435,0.5839243709090268,0.5884841884283786,0.5706292016170299,0.6014477281852991,0.5897441379173003,0.6001621469877435,0.5945651648064008,0.5,0.5,0.5,0.5565189760218794,0.6001621469877435,0.5797844616016347,0.5844867975258486,0.5758065243171971
0.593258391329134,0.5799763948705979,0.5759369555624565,0.5712206195753462,0.5923863644486733,0.5889085715718206,0.593258391329134,0.5818898491989981,0.5,0.5,0.5,0.5632120644746575,0.593258391329134,0.5858625774025219,0.5842852962077683,0.5857002233914289
0.5830148402002432,0.574752200056697,0.5747743396647068,0.5826377014476839,0.5782553089830447,0.5828827162408359,0.5830148402002432,0.5682888484192721,0.5,0.5,0.5,0.5434922422143916,0.5830148402002432,0.5689074936778422,0.566532041056135,0.5719803017999621
0.593583037218631,0.5870409589519394,0.5758218190260953,0.5863631270543169,0.5873807100420743,0.5975535324002045,0.593583037218631,0.5694692839418992,0.5,0.5,0.5,0.5401080351247546,0.593583037218631,0.5869693277580064,0.578289308516193,0.5753856925138701
0.584727765531052,0.5851515094990084,0.5827473320653339,0.5892595398388879,0.5775615585903139,0.5802097018939081,0.584727765531052,0.5815660620437102,0.5,0.5,0.5,0.5622325934709973,0.584727765531052,0.5835440123961612,0.5722897849023657,0.569172508151669
0.9782608695652174,1.0,0.906832298136646,1.0,0.5859213250517599,0.9782608695652174,1.0,0.9285714285714286,0.8612836438923395,0.9565217391304348,0.8612836438923395,0.4296066252587991,0.9782608695652174,0.9047619047619048,0.7525879917184265,0.7008281573498965
0.932712215320911,0.9782608695652174,0.932712215320911,0.9544513457556936,0.7225672877846792,0.9306418219461698,0.932712215320911,0.9782608695652174,0.8157349896480329,0.8654244306418221,0.8374741200828157,0.6180124223602486,0.932712215320911,0.9544513457556936,0.8416149068322982,0.7525879917184265
0.9137931034482758,0.9827586206896552,0.7413793103448276,0.9827586206896552,0.6091954022988506,0.9310344827586208,0.9137931034482758,0.9827586206896552,0.8459770114942529,0.8793103448275862,0.7770114942528735,0.57816091954023,0.9137931034482758,0.9655172413793104,0.6609195402298852,0.7114942528735633
0.8913043478260869,1.0,0.8913043478260869,0.9782608695652174,0.5207039337474121,0.8913043478260869,0.8913043478260869,0.8850931677018634,0.7505175983436853,0.7070393374741201,0.7287784679089027,0.6118012422360248,0.8913043478260869,0.8850931677018634,0.7763975155279503,0.7287784679089027
0.8695652173913043,0.9130434782608696,0.8478260869565217,0.9130434782608696,0.639751552795031,0.8478260869565217,0.8695652173913043,0.9130434782608696,0.7525879917184265,0.7525879917184265,0.7525879917184265,0.7287784679089027,0.8695652173913043,0.9130434782608696,0.6832298136645962,0.7546583850931677
0.9090909090909092,1.0,0.9090909090909092,0.9761904761904762,0.6038961038961038,0.8863636363636364,0.9090909090909092,0.9761904761904762,0.7673160173160173,0.7456709956709956,0.7673160173160173,0.6536796536796536,0.9090909090909092,0.9761904761904762,0.6742424242424243,0.7900432900432901
0.9565217391304348,0.9565217391304348,0.934782608695652,0.9306418219461698,0.6159420289855072,0.934782608695652,0.9565217391304348,0.9565217391304348,0.8654244306418221,0.8654244306418221,0.8871635610766045,0.6335403726708074,0.9565217391304348,0.8871635610766045,0.6459627329192547,0.8198757763975155
0.9117647058823528,1.0,0.9117647058823528,0.9047619047619048,0.6750700280112045,0.9411764705882352,0.9047619047619048,1.0,0.8641456582633052,0.8641456582633052,0.8403361344537815,0.6330532212885154,0.9117647058823528,0.9705882352941176,0.7759103641456583,0.7226890756302522
0.8863636363636364,0.9772727272727272,0.8625541125541125,0.905844155844156,0.6525974025974025,0.8387445887445888,0.8863636363636364,0.9534632034632036,0.7445887445887445,0.7456709956709956,0.7445887445887445,0.7435064935064934,0.8863636363636364,0.9534632034632036,0.7435064935064934,0.7445887445887445
0.9544513457556936,1.0,0.9544513457556936,0.9782608695652174,0.6749482401656315,0.906832298136646,0.9544513457556936,0.9306418219461698,0.8850931677018634,0.8002070393374741,0.8633540372670807,0.7701863354037267,0.9544513457556936,0.9306418219461698,0.7939958592132506,0.6770186335403726
0.6044973544973544,0.7356150793650793,0.661871693121693,0.7945601851851851,0.9037698412698412,0.7614087301587301,0.7945601851851851,0.8473875661375659,0.7319775132275134,0.6824570105820106,0.7757109788359787,0.7523148148148148,0.7945601851851851,0.8609457671957672,0.8905423280423281,0.8635912698412699
0.5674603174603174,0.7326388888888887,0.6318617724867723,0.7915013227513228,0.8871527777777778,0.7252810846560847,0.7915013227513228,0.906746031746032,0.7018849206349207,0.7089947089947091,0.7447089947089947,0.7026289682539683,0.7915013227513228,0.9467592592592592,0.9003802910052909,0.8733465608465608
0.7030423280423278,0.7786044973544973,0.5940806878306877,0.7428902116402114,0.9370039682539684,0.7761243386243385,0.7428902116402114,0.8941798941798942,0.6527777777777777,0.6791501322751322,0.7888558201058201,0.7358630952380951,0.7428902116402114,0.9237764550264549,0.9136078042328044,0.8708664021164021
0.6001157407407408,0.7781911375661377,0.5075231481481481,0.8409391534391534,0.9571759259259258,0.8512731481481479,0.8409391534391534,0.8843419312169312,0.7388392857142857,0.7848875661375659,0.7485119047619048,0.6383928571428571,0.8409391534391534,0.8843419312169313,0.9305555555555556,0.9241898148148148
0.5532407407407407,0.703207671957672,0.627066798941799,0.7654596560846558,0.9072420634920636,0.7754629629629628,0.7654596560846558,0.8312665343915343,0.669808201058201,0.6884920634920635,0.7453703703703705,0.6225198412698412,0.7654596560846558,0.8641699735449736,0.9074900793650794,0.8482142857142857
0.8541666666666666,0.7719907407407407,0.6827876984126984,0.8841765873015872,0.9203042328042328,0.8577215608465608,0.8841765873015872,0.8844246031746031,0.8179563492063492,0.7618220899470899,0.7493386243386244,0.6884093915343915,0.8841765873015872,0.9007936507936508,0.9070767195767198,0.9078207671957672
0.5963128306878307,0.7455357142857144,0.6044146825396826,0.7948082010582009,0.9403935185185184,0.7948082010582009,0.7948082010582009,0.8938492063492064,0.7054398148148149,0.7385085978835979,0.7449570105820105,0.6588128306878308,0.7948082010582009,0.8610284391534392,0.9699900793650792,0.9110449735449736
0.6000330687830687,0.7910052910052909,0.5926752645502645,0.8372189153439155,0.9375,0.8238260582010583,0.8372189153439155,0.8645006613756614,0.7164351851851852,0.7586805555555556,0.7523148148148148,0.6639384920634921,0.8372189153439155,0.8808697089947091,0.9704034391534392,0.8323412698412699
0.5835813492063492,0.7322255291005292,0.6087962962962962,0.7487599206349207,0.9402281746031746,0.7785218253968254,0.7487599206349207,0.8680555555555557,0.6896494708994709,0.7057705026455026,0.6822916666666667,0.7022982804232806,0.7487599206349207,0.8548280423280424,0.9436177248677248,0.9240244708994708
0.5977182539682538,0.7291666666666667,0.5800264550264549,0.8347387566137566,0.910383597883598,0.8183697089947091,0.8347387566137566,0.8278769841269841,0.775297619047619,0.7228009259259257,0.7259424603174602,0.6824570105820105,0.8347387566137566,0.8705357142857144,0.9267526455026456,0.8449074074074074
0.8515151515151514,0.6867424242424242,1.0,1.0,0.8334280303030303,1.0,1.0,0.8334280303030303,0.790719696969697,0.790719696969697,0.8546401515151515,0.9787878787878788,1.0,0.9148674242424244,0.8936553030303032,0.7055871212121212
0.6424242424242425,0.6871212121212121,0.918560606060606,0.918560606060606,0.918560606060606,0.918560606060606,0.918560606060606,0.8546401515151515,0.8546401515151515,0.8546401515151515,0.8546401515151515,0.7307765151515151,0.918560606060606,0.8546401515151515,1.0,1.0
0.7276515151515152,0.6848484848484849,0.8977272727272727,0.8977272727272727,0.8546401515151515,0.8977272727272727,0.8977272727272727,0.918560606060606,0.8546401515151515,0.8546401515151515,0.8546401515151515,0.8549242424242425,0.8977272727272727,0.918560606060606,0.918560606060606,0.8579545454545454
0.6818181818181818,0.6829545454545455,0.9360795454545456,0.9360795454545456,1.0,0.9360795454545456,0.9360795454545456,0.9360795454545456,0.7267992424242424,0.8082386363636364,0.7267992424242424,0.9159090909090908,0.9360795454545456,0.9360795454545456,0.9360795454545456,0.8716856060606061
0.6212121212121212,0.6871212121212121,0.918560606060606,0.918560606060606,0.918560606060606,0.918560606060606,0.918560606060606,0.918560606060606,0.8546401515151515,0.8546401515151515,0.8546401515151515,0.790719696969697,0.918560606060606,0.918560606060606,0.9787878787878788,0.9787878787878788
0.7047619047619047,0.6785714285714286,0.9166666666666664,0.9166666666666664,0.8333333333333333,0.9166666666666664,0.9166666666666664,0.8333333333333334,0.7499999999999999,0.7499999999999999,0.7499999999999999,0.8738095238095238,0.9166666666666664,0.8333333333333334,0.8333333333333334,0.8952380952380952
0.6785714285714286,0.6190476190476191,1.0,1.0,0.9166666666666664,1.0,1.0,0.9166666666666664,0.6666666666666666,0.7499999999999999,0.7499999999999999,0.7499999999999999,1.0,0.9166666666666664,1.0,0.9571428571428572
0.6785714285714286,0.6785714285714286,1.0,1.0,1.0,1.0,1.0,1.0,0.9166666666666664,0.9166666666666664,0.8333333333333334,0.914285714285714,1.0,1.0,1.0,1.0
0.6785714285714286,0.6785714285714286,1.0,1.0,1.0,1.0,1.0,1.0,0.9166666666666664,1.0,1.0,0.9785714285714284,1.0,1.0,1.0,1.0
0.6785714285714286,0.6785714285714286,0.9785714285714284,0.9785714285714284,1.0,0.9785714285714284,0.9785714285714284,0.8333333333333333,0.9166666666666664,0.8333333333333333,0.7499999999999999,0.7071428571428571,0.9785714285714284,0.8333333333333333,0.9357142857142856,0.9571428571428572
0.9436888698524772,0.9476497281230144,0.910025838854388,0.8727451050047743,0.9960172068935412,0.94168757135839,0.9436888698524772,0.9821585289047592,0.946636036107379,0.9466413014139644,0.952611124433446,0.9168501638117906,0.9436888698524772,0.9831479445405272,0.9940752361465508,0.9396122210091352
0.95156464883181,0.960376342954424,0.8782758053402132,0.8576209169689921,0.9910709944412416,0.9495989025594286,0.95156464883181,0.9752161737470314,0.9554804403348136,0.9534800095380256,0.9594281539203338,0.9317403962181776,0.95156464883181,0.9791530405532324,0.9901237516532984,0.9454143076111136
0.9288017195879034,0.9278500343680284,0.8557815457144201,0.8971972854728487,0.9920719542236917,0.928802947701214,0.9288017195879034,0.9811648769804556,0.9514878347774576,0.9505102569315524,0.9534832970077488,0.9240059454970796,0.9288017195879034,0.9841297338997048,0.9930810613884621,0.9415161232239004
0.9387323972858967,0.9447023823154086,0.8941676405694634,0.8696000331580013,0.9931007684020042,0.9377851544979534,0.9387323972858967,0.9752663778965236,0.9445700727385272,0.947539456211048,0.9495404199089992,0.8693487808025998,0.9387323972858967,0.9782480887519001,0.9881416125637044,0.937559591275518
0.9269356555206526,0.9506368833716876,0.6793946242649385,0.8719412302986287,0.9910907068234048,0.9259845367631032,0.9269356555206526,0.9712881660489052,0.9466784997733054,0.9506405754102032,0.9525835540987948,0.900196705234234,0.9269356555206526,0.9772137945221618,0.9881012078076132,0.943582724419875
0.945748459192573,0.9447441477111124,0.7571106628139779,0.8836783257818329,0.9950554303165984,0.9467187204526823,0.945748459192573,0.9871530812747564,0.9516283882650476,0.9506171858818654,0.9506250055744344,0.9358330892969868,0.945748459192573,0.9841821865111572,0.9930757164262972,0.943553084234274
0.9397574828841214,0.942653650385084,0.9160882109971356,0.9122458542200066,0.992074083488674,0.9367848228829918,0.9397574828841214,0.9722894017571154,0.9545623754874084,0.9565124984222659,0.9555117481034086,0.9031702874926092,0.9397574828841214,0.9762427905672191,0.9841687070785451,0.95455688720345
0.9456362734206196,0.9378285819332832,0.8371589662444692,0.8737645589584154,0.9950545476978327,0.94266359793495,0.9456362734206196,0.9841969277929894,0.9526639168601612,0.9576084710590234,0.9595499071670871,0.9073354817203148,0.9456362734206196,0.98419869303052,0.9910942372984656,0.94358303921717
0.9389205049405928,0.9556707351928831,0.6878553808854426,0.8490859732390212,0.9930941272625108,0.9399008852066538,0.9389205049405928,0.9714442319289904,0.9527337825403942,0.9586467401361342,0.963533118637656,0.909417367671488,0.9389205049405928,0.973384436875376,0.9940961087430464,0.9445487454887621
0.9476725396654222,0.9466121457148564,0.6927621142367584,0.8363090651856104,0.99012033013309,0.948670122410523,0.9476725396654222,0.9861453251870465,0.9545647617957506,0.9496280582585366,0.9585246000574243,0.923080676096222,0.9476725396654222,0.985163729243847,0.9921030404225992,0.9514182137917852
0.8803775133388362,0.8054013941039379,0.7960520282044228,0.7303659522836519,0.8744734514676765,0.8815712987090056,0.8803775133388362,0.7797058425855492,0.8225317336845399,0.8172953511998208,0.722104012575461,0.5,0.8803775133388362,0.7771167014973484,0.9080826148030062,0.9094222515456324
0.7466257987791391,0.7444112013179688,0.7366441573807327,0.6146830753570062,0.6186282590964389,0.7434980971253392,0.7466257987791391,0.6450686515097565,0.5942784662428989,0.6718966111230249,0.5895143463295947,0.5,0.7466257987791391,0.6557595297149886,0.8022323352303073,0.7913528470289057
0.7909951302652308,0.7258187094982239,0.7877310679742423,0.6796043018274105,0.7776709400220716,0.8016490249383185,0.7915866326953374,0.6838679323936178,0.6773307506484001,0.7352129617759844,0.5707445731335741,0.5,0.7915866326953374,0.6741094195891113,0.8980715944756569,0.8962560686864296
0.8310664054245038,0.7852977500893881,0.7522600912316665,0.6123844419389085,0.7318888994101085,0.830482308498855,0.8310664054245038,0.7140016591558885,0.7202917465066448,0.7417844895166343,0.6727693829916843,0.5,0.8310664054245038,0.7018610979572361,0.8816517072601455,0.8691288645078665
0.8173289271330987,0.7026382366955088,0.7603966338039806,0.8324398335740522,0.7069470756895594,0.8238137357896309,0.8173289271330987,0.6633786445306976,0.6491461564941424,0.6465045264937848,0.6723895190149747,0.5,0.8173289271330987,0.6464146307119644,0.7863127386713733,0.8206429514429642
0.8349186385350129,0.8164751663678415,0.7391225069739984,0.6899606890005361,0.7840980078583261,0.8349172422873821,0.8349172422873821,0.6933950632745578,0.6983748580199505,0.7394456278230764,0.7254833630654158,0.5,0.8349172422873821,0.7082140599372156,0.8639552111214799,0.8740399081609425
0.8659206106572226,0.7178654171858171,0.8309438224043721,0.6976103066656242,0.7892954009803181,0.8554672854384856,0.8659206106572226,0.7229961336069639,0.6168378184192085,0.8239302260928275,0.7000844010537692,0.5,0.8659206106572226,0.703050331896994,0.8262252764034376,0.8608262718932099
0.8823026900887255,0.7837807634723417,0.7461112011855373,0.6022084763758473,0.8023128574041347,0.8823026900887255,0.8823026900887255,0.6913556438096887,0.7166801016716497,0.7555701677336255,0.7544740710327302,0.5,0.8823026900887255,0.7028236602613784,0.8547551850431472,0.8317232764691035
0.7827016144910084,0.7065110186221636,0.7541677615692702,0.7523182082763692,0.7555516639266363,0.8200687551823352,0.7827002182433773,0.6687803458203565,0.6547587899006672,0.6712091444309766,0.6938841730507621,0.5,0.7827002182433773,0.6658203008425663,0.9004876166844615,0.8814986206953874
0.8177378969376876,0.8282615228720595,0.7860424965877963,0.6396776089606265,0.7822000195813151,0.8153922009175519,0.8177378969376876,0.7643201149159752,0.7642610397139649,0.7871849444789887,0.7751753558330036,0.5,0.8177378969376876,0.7275891800991331,0.8734529549804068,0.9065259140457548
0.7461803154532582,0.8317857025256018,0.7548157660772499,0.7712881556850737,0.7739059567321941,0.7841384306365042,0.7962066581053048,0.807698640060588,0.7694853304356415,0.7742270078040108,0.7689584773947117,0.5,0.7461803154532582,0.8063897395370277,0.860359247917284,0.8543415983404129
0.7687032829530113,0.8325842141657612,0.7825743356712436,0.7437683163752511,0.7933007343014257,0.7626527050610821,0.7532022786394019,0.7833234548388159,0.7511442589482696,0.7695182587506997,0.7671227238302215,0.5,0.7687032829530113,0.7938111231848265,0.8750288122756759,0.8674306035760151
0.775009055286641,0.8270934176298199,0.7718644011985907,0.7831011887121735,0.799878165234285,0.7705225723599723,0.7563633968849813,0.7914649807369357,0.7920247620929237,0.7883697191214726,0.7613602686950509,0.5,0.775009055286641,0.8003720899601567,0.8784615891204847,0.854358062497942
0.7420148835984063,0.8381079390167605,0.7569396423984984,0.7309674338964075,0.7699957193190423,0.7388208370377688,0.7238796140801476,0.7812325068326254,0.7412163719582471,0.7509219928216273,0.7414551022424182,0.5,0.7420148835984063,0.7754700516974546,0.9020217985445684,0.8849896275807567
0.7417489561932533,0.8141858307376234,0.7425111008019086,0.7100868182119425,0.7589800516932866,0.7246007024985089,0.6945954006229704,0.7625753860428126,0.7625919544038703,0.7604049307442509,0.7453442905427795,0.5,0.7417489561932533,0.7810159719000597,0.8302240042415004,0.7946517330505667
0.7554012857048181,0.8205149446616742,0.7510438067466366,0.756909006561071,0.7690204784942675,0.7321393067797733,0.7276658492941878,0.7923652992246006,0.7301842401749619,0.7487408045596129,0.7431738352442177,0.5,0.7554012857048181,0.7907250314798859,0.8799787924978462,0.8697229770031147
0.7337961428855457,0.7951984889654716,0.7180893366028231,0.7582179070846312,0.7697826231029227,0.7715388693750413,0.7594273974418451,0.7749022466697594,0.7481940486447081,0.7547551196235669,0.7415335674995029,0.5,0.7337961428855457,0.7857048180793956,0.837646629995361,0.8797634038040957
0.7345582874942012,0.8194214328318642,0.744051958380277,0.7673802107495526,0.7357346411292994,0.7742560805885083,0.7323546954735238,0.7636688978726224,0.7414341573331564,0.7668500231957054,0.7622605871827159,0.5,0.7345582874942012,0.78123136059381,0.8641560076877195,0.8786698919742859
0.7419650373891942,0.8322190858218195,0.7508294953696826,0.7055910464022185,0.7572426088248403,0.7409745951567375,0.7202743524983906,0.7711335611350468,0.7204724409448818,0.7209924231169217,0.7197296092705392,0.5,0.7419650373891942,0.7517456544347051,0.8199128410835438,0.8361560936958352
0.7728915960976576,0.8120388253355124,0.7873272916357154,0.7931461397513989,0.7373347199524588,0.7679641459911851,0.7375823305105729,0.758579705838657,0.7684593671074135,0.7637300054474323,0.7634823948893181,0.5,0.7728915960976576,0.7467934432724213,0.8290991927895806,0.833556182835636
0.9878041653578394,0.9366247598454244,0.9878041653578394,0.9636316485378876,0.7493626315827921,0.9663564441782148,0.9878041653578394,0.6008174386920981,0.7483508777056198,0.7099590184891629,0.7252083774682045,0.6389645776566757,0.9878041653578394,0.6021798365122616,0.881690542110146,0.823129351089553
0.9838046328830968,0.9392180640071296,0.9838046328830968,0.9568196594370704,0.7480440642555024,0.9783769568488796,0.9796955241761692,0.5871934604904632,0.7527010541233536,0.7667633372537274,0.7536872402130163,0.5163487738419619,0.9838046328830968,0.5940054495912807,0.8763066965688029,0.8150426251543199
0.9768611523036576,0.9283627119386956,0.9768611523036576,0.9594348788452126,0.738529194760795,0.9554134311240329,0.9620939287462288,0.603542234332425,0.7608316105514608,0.7522371814071049,0.7481280727001776,0.6839456209685078,0.9768611523036576,0.5912806539509536,0.8694508769751116,0.8028029600192854
0.9824641503093702,0.915089377680052,0.9824641503093702,0.9460957988472579,0.763008525030864,0.9744650853598849,0.9811236677356436,0.5912806539509536,0.7253873519807729,0.7286381135355868,0.7481938184394884,0.5313351498637602,0.9824641503093702,0.5899182561307902,0.8817343726030199,0.7948258103162371
0.9782881856170188,0.9367274480582098,0.9782881856170188,0.92972151602817,0.7569182665614681,0.9689883404926798,0.9782881856170188,0.5942622950819672,0.7549165716957424,0.7517240875485813,0.7354840594956313,0.5150273224043715,0.9782881856170188,0.5887978142076502,0.8855673416907748,0.8284532889161627
0.9809619824084626,0.9366397825896378,0.9796250840127406,0.9649484234826567,0.7541568043014524,0.9675637766283859,0.9756143888255748,0.5969945355191257,0.7575903684871863,0.7450395955699717,0.7458578066099762,0.5013661202185793,0.9809619824084626,0.5915300546448088,0.851618888986295,0.8079030419917594
0.9837526664913356,0.9312045235381784,0.9823865462727563,0.9637284123783642,0.7418032786885246,0.970325238888402,0.981078869699892,0.5846994535519126,0.7525057713100143,0.7367844306127818,0.7492256216942813,0.5628415300546448,0.9837526664913356,0.5778688524590163,0.9019023406680108,0.8009847754302913
0.9714575845241225,0.929926068788171,0.9714575845241225,0.9527117851611584,0.7637196458315072,0.9393720230267965,0.9660515472955205,0.592896174863388,0.7562534700914643,0.7452149265071156,0.7600376961514859,0.6790494141024517,0.9714575845241225,0.5806010928961749,0.8801613044621723,0.8064200344817509
0.9741606031384236,0.925798486309576,0.9741606031384236,0.6674848777066713,0.7541275824785949,0.9475103006925572,0.9741898249612808,0.5901639344262295,0.7629087402472166,0.7609654890272056,0.7564068846614652,0.5,0.9741606031384236,0.587431693989071,0.881468981035037,0.8213889132404079
0.9796250840127406,0.9526533415154438,0.9796250840127406,0.9608792846497765,0.7596212851757692,0.9769805090441542,0.9796250840127406,0.6229508196721312,0.7644209695800825,0.7638730604015078,0.7771543788901552,0.5286885245901639,0.9796250840127406,0.6038251366120219,0.8665293240992372,0.8065661435960375
0.8736368495389931,0.909979051405451,0.737550848193318,0.8857553894191046,0.9440814581187852,0.8741191116506807,0.8736368495389931,0.8901524149140795,0.8296551045882841,0.8652101542743355,0.8286086457699894,0.804571141394278,0.8736368495389931,0.8931892336222605,0.9381787560681744,0.9197758592891808
0.8690005147532781,0.8786822191635026,0.6677370648491942,0.7155024553690149,0.9399842423395296,0.8685762340966604,0.8690005147532781,0.8864863288948129,0.8563519114385846,0.8626391772269885,0.8687025217415627,0.7918030089873161,0.8690005147532781,0.885402028046373,0.9361589996898224,0.9276904197510182
0.8837355902125631,0.9091162007554904,0.7478787918561123,0.888012957341188,0.942504102038042,0.8865803161459211,0.8837355902125631,0.8986072869158638,0.8663142936995729,0.8692572922128653,0.8720016287929205,0.8094503928704988,0.8837355902125631,0.8988629311060607,0.9448470312488448,0.938563414028462
0.8715181612518933,0.8781322602743403,0.8031157444954409,0.7076667497284438,0.9403015691818252,0.8722996003097299,0.8715181612518933,0.8815822031096984,0.8583112361149681,0.8617338385518277,0.8579982920961099,0.7997386728361413,0.8715181612518933,0.8863704891192636,0.9409772055583474,0.9305733090779316
0.8535758042170061,0.8849484805412116,0.5933103877228068,0.8764200106087384,0.9398003400411672,0.8557082139831566,0.8535758042170061,0.8895740274170778,0.8630543784588448,0.8436194588642788,0.8671581820486304,0.8083710112466327,0.8535758042170061,0.8970033613146032,0.9432508100294696,0.9344273546926576
0.8910967781761533,0.8845394589882168,0.7048314979686006,0.888091752055033,0.9514277374069116,0.8894380044507922,0.8910967781761533,0.9037561666503026,0.878432700383285,0.8850291259708506,0.8793207235767521,0.7958804020239897,0.8910967781761533,0.9056511897857348,0.9434306837663614,0.9282675239448168
0.8621871138386431,0.876727864889968,0.8285981632131326,0.8730693345004699,0.9247633051680244,0.8625717353897242,0.8621871138386431,0.8861784565848204,0.8494155709219026,0.8480857884924313,0.8522238134239041,0.7985678445246446,0.8621871138386431,0.8896040778925746,0.9203845184269532,0.9220356203998914
0.8727458241993513,0.8914773975865469,0.8044663774562831,0.8798189897835902,0.925858881041462,0.8711284057494098,0.8727458241993513,0.8935853684257379,0.8608004847268169,0.8647607015463601,0.8634844871079698,0.8013555966530838,0.8727458241993513,0.8928040100398987,0.9288028719475144,0.911346750498926
0.8758406872476485,0.8710408285206221,0.5133592626582489,0.8813066870475866,0.9415549858273776,0.8764488931820192,0.8758406872476485,0.8830281989762035,0.8473986516552116,0.8546892337938259,0.8414993709536089,0.7943508708776343,0.8758406872476485,0.8849020790025632,0.9385994303991211,0.9348991292669404
0.8815521693429075,0.9185579634198268,0.75809147708084,0.9051528553689788,0.9335338553931904,0.8825145682742855,0.8815521693429075,0.8923726172667298,0.8821465175173141,0.8854319210552534,0.8771749520232505,0.7908296199760041,0.8815521693429075,0.8946455621445573,0.921781408291522,0.9134728141471696
0.8888888888888892,0.9520202020202024,0.7525252525252526,0.9191919191919192,0.9469696969696972,0.8888888888888892,0.8888888888888892,0.9469696969696972,0.893939393939394,0.904040404040404,0.8585858585858588,0.8383838383838387,0.8888888888888892,0.9444444444444446,0.9747474747474748,0.9646464646464651
0.883838383838384,0.9292929292929292,0.8030303030303033,0.952020202020202,0.9722222222222224,0.8813131313131316,0.883838383838384,0.9722222222222224,0.8535353535353538,0.9191919191919194,0.9267676767676768,0.8762626262626264,0.883838383838384,0.9671717171717172,0.9924242424242428,0.9949494949494948
0.8762626262626263,0.941919191919192,0.6590909090909093,0.936868686868687,0.96969696969697,0.8712121212121213,0.8762626262626263,0.9570707070707076,0.9090909090909092,0.9116161616161615,0.9141414141414144,0.8409090909090909,0.8762626262626263,0.9494949494949496,0.9848484848484848,0.9747474747474748
0.8762626262626263,0.9595959595959598,0.8484848484848486,0.9494949494949496,0.9747474747474746,0.8762626262626264,0.8762626262626263,0.9671717171717176,0.9065656565656564,0.9116161616161618,0.9191919191919194,0.8762626262626264,0.8762626262626263,0.9646464646464646,0.9772727272727276,0.9797979797979798
0.8863636363636366,0.9696969696969696,0.8762626262626262,0.9444444444444444,0.9873737373737376,0.883838383838384,0.8863636363636366,0.96969696969697,0.931818181818182,0.9343434343434344,0.9343434343434344,0.8863636363636366,0.8863636363636366,0.9722222222222224,0.9722222222222222,0.9747474747474748
0.8888888888888888,0.9393939393939396,0.7171717171717171,0.9444444444444444,0.9823232323232326,0.8838383838383838,0.8888888888888888,0.97979797979798,0.9090909090909092,0.9166666666666666,0.9141414141414144,0.8989898989898991,0.8888888888888888,0.9772727272727276,0.9747474747474748,0.9823232323232324
0.883838383838384,0.9696969696969698,0.7904040404040404,0.9722222222222224,0.9772727272727274,0.883838383838384,0.883838383838384,0.9621212121212124,0.9166666666666669,0.9166666666666669,0.9191919191919192,0.8838383838383838,0.883838383838384,0.9595959595959598,0.97979797979798,0.9772727272727274
0.8787878787878788,0.936868686868687,0.7954545454545455,0.9015151515151516,0.9646464646464646,0.8737373737373738,0.8787878787878788,0.9570707070707072,0.904040404040404,0.9166666666666664,0.9141414141414144,0.8686868686868686,0.8787878787878788,0.9671717171717176,0.9696969696969696,0.9646464646464648
0.8737373737373737,0.9469696969696972,0.7727272727272729,0.9393939393939392,0.9747474747474748,0.8737373737373738,0.8737373737373737,0.9696969696969696,0.9292929292929296,0.931818181818182,0.9368686868686869,0.8939393939393939,0.8737373737373737,0.9772727272727276,0.9848484848484848,0.984848484848485
0.8838383838383838,0.9469696969696972,0.8813131313131314,0.883838383838384,0.9722222222222224,0.8888888888888891,0.8838383838383838,0.9621212121212124,0.8712121212121213,0.9141414141414144,0.9166666666666669,0.8787878787878788,0.8838383838383838,0.9722222222222224,0.97979797979798,0.9747474747474748
0.8940158873808944,0.8770592461122383,0.8286225929584974,0.8461226601256545,0.7908787916942425,0.8915370771920443,0.8461574492811974,0.7521167917739101,0.8274118323172988,0.7559160292638796,0.7838382310321577,0.5,0.8940158873808944,0.7516200618329889,0.9999477303325746,0.9998431909977232
0.9158442139144894,0.8387846517917514,0.7197181409399771,0.867708256829042,0.7812732338833412,0.827463379518391,0.8878191227014791,0.7685695907894551,0.7592817992422258,0.7810775305318116,0.7845142434014534,0.5,0.9158442139144894,0.7711777898192049,0.9902911822768149,0.9903448275862068
0.9127015413427636,0.9749365655696608,0.7192302096861949,0.8154266386717417,0.8638940417084195,0.8918958980913767,0.8774269086913796,0.7520907118312566,0.8291707043677672,0.7999142628253992,0.8349996461057875,0.5,0.9127015413427636,0.7514524746382235,0.9902547704378148,0.9996775840996222
0.9520850830410902,0.9357644523326571,0.7122286309076211,0.8988882401372019,0.8276741042361597,0.8815991067218194,0.8838125073836833,0.7590386306622815,0.8169242938358925,0.8202332474012258,0.8624258902003001,0.5,0.9521373337993476,0.758619615425614,0.9999477555447984,0.9999477555447984
0.8805308812944141,0.8857530425963489,0.6899746051114503,0.8407938812202832,0.7521436194611595,0.8572738475748114,0.8270481105593415,0.7471070481786929,0.7162289089494707,0.7212832932605142,0.7328087133062278,0.5,0.8805308812944141,0.7473706340068538,0.9536424366813536,0.9536429251681916
0.8708103798650972,0.8443632232338888,0.7936799487669092,0.7619229476431508,0.7805448360910688,0.8113573372224465,0.8787634793624298,0.738219307486514,0.8145401656650285,0.8047789426190982,0.7581263652635132,0.5,0.8708103798650972,0.7327552433332453,0.9956324804914056,0.9475923899005556
0.9332703966812688,0.8752158553076402,0.7780897916997791,0.894870176701272,0.8352741577580555,0.9263853178626944,0.8468008320652622,0.7454374776101624,0.8104996225285137,0.7813938992622491,0.7489212282974214,0.5,0.9332703966812688,0.7459739695934381,0.910398720782945,0.980654496281271
0.9203469413743518,0.8627886738469449,0.8428578953508976,0.8293239621221906,0.7081328146964105,0.8843222466171793,0.7799582776796421,0.7226225161556847,0.7850041755834177,0.8185627089469192,0.7886846018624686,0.5,0.9203469413743518,0.7243071605649158,0.8658577433271358,0.8763105662842526
0.9228949894153394,0.9540908130493576,0.8391081411408994,0.8732824714395828,0.8029520393524797,0.890119869827505,0.8575187848696981,0.7521427103138544,0.7905580190792829,0.7487484828527902,0.7936618015727828,0.5,0.9228949894153394,0.7543667694573424,0.9993838619876114,0.9786775416449685
0.9491859093459176,0.8596635732828563,0.763768464489946,0.8287945700881111,0.7686474017929821,0.8877005560293728,0.8850183484267506,0.7698454275777582,0.7991391151660899,0.788560905422577,0.7173427773728532,0.5,0.9491859093459176,0.7734177373322142,0.9910543803234616,0.991106634217332
0.8357380030041901,0.5,0.5,0.5906593406593407,0.8839631591430152,0.5,0.5,0.5,0.8477942920388963,0.8597319946240809,0.8429520120167602,0.5,0.8357380030041901,0.5,0.8945964107834611,0.8509368329512215
0.8323385247845679,0.5,0.5,0.5778717685192505,0.8622816032887974,0.5,0.5,0.5,0.8058344533164677,0.8153213692782038,0.7919005454976678,0.5,0.8323385247845679,0.5,0.8517867025061271,0.8455411494979841
0.7946593001841621,0.5,0.5,0.5921305372383612,0.8629180775856947,0.5,0.5,0.5,0.7964613160656646,0.7875799520782589,0.7716786471019229,0.5,0.7946593001841621,0.5,0.8963642844412759,0.8779975841105765
0.8578288678983744,0.5,0.5,0.5360601200023762,0.9003247589061171,0.5,0.5,0.5,0.8128180756054576,0.8171448939582961,0.8385017525099507,0.5,0.8578288678983744,0.5,0.8918097388067089,0.8755321887562131
0.8513336897760352,0.5,0.5,0.6022099447513812,0.8653834729400582,0.5,0.5,0.5,0.8417889463157687,0.8482841244381077,0.8352937681934295,0.5,0.8513336897760352,0.5,0.8788193825620308,0.8529871878651062
0.8552149547515793,0.5,0.5,0.5883977900552486,0.8811362601239628,0.5,0.5,0.5,0.8108774431176854,0.831561021010317,0.8141646369235034,0.5,0.8552149547515793,0.5,0.9144339491871126,0.9089090873086596
0.8309471474682667,0.5,0.5,0.6022099447513812,0.8585120497435593,0.5,0.5,0.5,0.8542545396938553,0.8545515752787185,0.8358878393631556,0.5,0.8309471474682667,0.5,0.8589576031208539,0.87000732687776
0.8647203783934179,0.5,0.5,0.5,0.8810266703764061,0.5,0.5,0.5,0.8445387336539608,0.8500635955324138,0.8333598314718391,0.5,0.8647203783934179,0.5,0.9079454668309552,0.8970249214992646
0.8478278150959895,0.5,0.5,0.5875630986923169,0.8875154020430065,0.5,0.5,0.5,0.835933463174212,0.8392722286259391,0.7973190508366788,0.5,0.8478278150959895,0.5,0.9079454668309552,0.8968957430740491
0.8503318891847846,0.5,0.5,0.5709885130569577,0.8785225962876108,0.5,0.5,0.5,0.8165964465996263,0.8068981279065145,0.8130589451091061,0.5,0.8503318891847846,0.5,0.8771115704121785,0.8832127668031321
0.6547619047619048,0.6309523809523809,0.6785714285714285,0.5,0.3809523809523809,0.5,0.5,0.4047619047619048,0.5238095238095238,0.6904761904761906,0.5476190476190477,0.6547619047619048,0.6547619047619048,0.42857142857142855,0.35714285714285715,0.6309523809523809
0.5,0.5833333333333333,0.5714285714285715,0.5,0.7142857142857143,0.5,0.5,0.6547619047619048,0.5595238095238094,0.5,0.5833333333333333,0.4761904761904762,0.5,0.6785714285714286,0.7142857142857143,0.6904761904761906
0.75,0.8095238095238095,0.7738095238095241,0.5,0.42857142857142855,0.5,0.5,0.6190476190476191,0.5,0.869047619047619,0.8095238095238095,0.869047619047619,0.75,0.6428571428571428,0.5952380952380953,0.4047619047619048
0.9285714285714286,0.5833333333333333,0.8452380952380952,0.5,0.7023809523809523,0.5,0.5,0.5833333333333333,0.7261904761904762,0.7619047619047621,0.5833333333333333,0.6190476190476191,0.9285714285714286,0.75,0.6428571428571428,0.5357142857142857
0.7619047619047619,0.5357142857142857,0.7619047619047619,0.5,0.5,0.5,0.5,0.3333333333333333,0.5595238095238094,0.8452380952380952,0.5595238095238094,0.6428571428571429,0.7619047619047619,0.4166666666666666,0.4761904761904762,0.6071428571428572
0.7954545454545454,0.5090909090909091,0.7954545454545454,0.5,0.5863636363636364,0.5,0.5,0.5318181818181817,0.5,0.740909090909091,0.5,0.5090909090909091,0.7954545454545454,0.5090909090909091,0.5636363636363636,0.3727272727272727
0.8409090909090908,0.7863636363636364,0.8636363636363636,0.5,0.4863636363636363,0.5,0.5,0.4090909090909091,0.7863636363636364,0.5,0.7,0.5772727272727273,0.8409090909090908,0.3863636363636364,0.7090909090909092,0.6090909090909091
0.8809523809523809,0.6523809523809523,0.8571428571428572,0.5,0.6809523809523811,0.5,0.5,0.8,0.9523809523809524,0.4761904761904762,0.7761904761904761,0.9047619047619048,0.8809523809523809,0.8761904761904762,0.9285714285714286,0.6285714285714286
0.7095238095238096,0.7047619047619047,0.7333333333333333,0.5,0.6809523809523811,0.5,0.5,0.6047619047619048,0.6047619047619048,0.5809523809523809,0.4761904761904762,0.4571428571428572,0.7095238095238096,0.8047619047619049,0.5809523809523809,0.5333333333333333
0.7095238095238096,0.6809523809523811,0.7571428571428572,0.5,0.6047619047619048,0.5,0.5,0.5571428571428572,0.6,0.5,0.6761904761904762,0.5523809523809524,0.7095238095238096,0.4571428571428572,0.6047619047619048,0.4380952380952381
0.57734375,0.4968750000000001,0.57734375,0.57734375,0.4828125,0.5289062499999999,0.57734375,0.57578125,0.5289062499999999,0.5289062499999999,0.48046875,0.57265625,0.57734375,0.4703125,0.5289062500000001,0.6203125
0.6499999999999999,0.5499999999999999,0.6499999999999999,0.6499999999999999,0.75,0.6,0.6499999999999999,0.7,0.6499999999999999,0.55,0.6499999999999999,0.5499999999999999,0.6499999999999999,0.6499999999999999,0.7,0.7
0.5,0.5,0.45,0.5,0.8,0.5,0.5,0.55,0.55,0.5,0.45,0.55,0.5,0.5499999999999999,0.8999999999999999,0.95
0.6,0.6,0.5499999999999999,0.6,0.7,0.6,0.6,0.65,0.6499999999999999,0.6499999999999999,0.6,0.6000000000000001,0.6,0.7000000000000001,0.8499999999999999,0.8
0.7999999999999999,0.75,0.7999999999999999,0.7999999999999999,0.8,0.7999999999999999,0.7999999999999999,0.8,0.8,0.8499999999999999,0.7999999999999999,0.45,0.7999999999999999,0.8,0.7,0.75
0.6,0.55,0.6,0.6,0.7,0.6,0.6,0.65,0.65,0.5499999999999999,0.65,0.5,0.6,0.6,0.85,0.85
0.6000000000000001,0.55,0.6000000000000001,0.6000000000000001,0.6,0.6000000000000001,0.6000000000000001,0.5,0.7,0.65,0.45,0.5,0.6000000000000001,0.5,0.6,0.7
0.75,0.7499999999999999,0.75,0.75,0.6,0.7,0.75,0.75,0.5,0.6,0.7,0.55,0.75,0.7,0.6,0.6
0.7,0.5499999999999999,0.6,0.7,0.6499999999999999,0.65,0.7,0.6499999999999999,0.55,0.5499999999999999,0.7,0.6,0.7,0.6499999999999999,0.7,0.7
0.6097222222222223,0.6136111111111111,0.5725,0.6097222222222223,0.6487499999999999,0.6580555555555554,0.6097222222222223,0.6990277777777778,0.5705555555555555,0.6580555555555554,0.4426388888888889,0.4577777777777778,0.6097222222222223,0.6990277777777778,0.6990277777777778,0.7506944444444444
0.8440000000000001,0.6050000000000001,0.493,0.627,0.989,0.8760000000000001,0.877,0.6000000000000001,0.904,0.8969999999999999,0.912,0.8909999999999998,0.877,0.6,0.99,0.9830000000000002
0.8630000000000001,0.544,0.4840000000000001,0.627,0.9900000000000002,0.89,0.8880000000000001,0.6,0.8969999999999999,0.9079999999999999,0.91,0.908,0.8880000000000001,0.6,0.986,0.986
0.8570000000000002,0.6310000000000001,0.491,0.5840000000000001,0.9910000000000002,0.877,0.8780000000000001,0.6000000000000001,0.882,0.9059999999999999,0.9190000000000004,0.93,0.8780000000000001,0.6000000000000001,0.9910000000000002,0.977
0.8390000000000001,0.563,0.496,0.6,0.991,0.8610000000000001,0.8630000000000001,0.6000000000000001,0.8919999999999998,0.897,0.905,0.884,0.8630000000000001,0.6000000000000001,0.986,0.9840000000000002
0.8400000000000001,0.5509999999999999,0.491,0.55,0.993,0.8650000000000002,0.8660000000000002,0.6,0.9089999999999998,0.904,0.919,0.8959999999999999,0.8660000000000002,0.6000000000000001,0.994,0.986
0.8550000000000002,0.636,0.491,0.6280000000000001,0.9970000000000004,0.8810000000000002,0.885,0.599,0.877,0.904,0.9129999999999999,0.8959999999999999,0.885,0.599,0.9910000000000004,0.985
0.836,0.596,0.4960000000000001,0.5750000000000001,0.9910000000000002,0.858,0.857,0.599,0.875,0.898,0.9089999999999998,0.957,0.857,0.599,0.9899999999999995,0.9860000000000004
0.8590000000000003,0.584,0.632,0.6280000000000001,0.9970000000000002,0.8840000000000001,0.8820000000000002,0.6,0.884,0.909,0.929,0.918,0.8820000000000002,0.6,0.996,0.9839999999999998
0.8580000000000002,0.5760000000000001,0.493,0.625,0.9919999999999998,0.8850000000000001,0.8810000000000002,0.6,0.8840000000000001,0.89,0.9,0.9499999999999998,0.8810000000000002,0.6,0.9919999999999998,0.9830000000000002
0.857,0.55,0.4869999999999999,0.605,0.9910000000000002,0.8810000000000002,0.8809999999999999,0.599,0.905,0.8770000000000001,0.903,0.9349999999999996,0.8809999999999999,0.6,0.981,0.9830000000000002
0.6892659049981353,0.8609526959557596,0.6881767950548587,0.904261568553848,0.6149343890459086,0.8200721708227836,0.6892659049981353,0.5697853950764489,0.5273748166058214,0.5,0.5,0.5,0.6892659049981353,0.5547392061178826,0.6324410194508234,0.6691436534573789
0.7091358208698895,0.9707080548685941,0.7154418664988518,0.9280481155174782,0.6324812557655694,0.97637544100473,0.8191126788553258,0.6078174835374589,0.5,0.5290032679738562,0.5145016339869279,0.5,0.7091358208698895,0.5997394606616421,0.7147599345669198,0.7651547534053662
0.7372758788199965,0.914824567214273,0.7281087460009028,0.9113429606076664,0.6491545927054506,0.9072138314785374,0.7372758788199965,0.6015114379084967,0.6759861577263537,0.5178901787817228,0.5580065359477124,0.5,0.7372758788199965,0.6015114379084967,0.7758172388074349,0.7519656298455317
0.6879205952275805,0.9338878553798896,0.7063480913511551,0.9462060559333844,0.6160130718954249,0.9307757819093604,0.6879205952275805,0.6023784507546762,0.5228917949812557,0.5170075252949027,0.5580065359477124,0.5,0.6879205952275805,0.5859206939782919,0.7215715409036487,0.7192104788612141
0.7422711259779515,0.9033705752078832,0.7084877469300441,0.9776830935924959,0.6865211840129603,0.968818637030671,0.7422711259779515,0.6016047743192754,0.5307725694444444,0.6757464187048892,0.5,0.5,0.7422711259779515,0.5671349666552518,0.7803181265146726,0.7897262256774318
0.7422309027777778,0.8757685028778778,0.7544112602185519,0.952132966299633,0.6104872841591591,0.9677503805889224,0.7422309027777778,0.5504228186519853,0.5175347222222222,0.5526041666666667,0.5,0.5,0.7422309027777778,0.5865829371037704,0.6630042281865198,0.6587473150233567
0.7525330425068774,0.8710247421521251,0.6786150215574581,0.9646269527916456,0.6844047028813766,0.939881883813113,0.7525330425068774,0.64875969365961,0.7272978274531139,0.7237396232574571,0.6165032679738562,0.5,0.7525330425068774,0.6311653813491123,0.7436807710595439,0.7820283782475803
0.7184724399644743,0.9247571100512276,0.7158347532581602,0.9371260353490746,0.6620186516173034,0.9790916989293216,0.9352563654340617,0.631931487247051,0.6324812557655694,0.4994554450283617,0.5,0.5,0.7184724399644743,0.6179691946848809,0.7557183868917936,0.7924002740485583
0.7937937477919095,0.9200431282998685,0.7686257182427525,0.9478998913128814,0.63606061637618,0.8346937163879565,0.7937937477919095,0.5629675938193095,0.5725081699346405,0.6015114379084967,0.5580065359477124,0.5,0.7937937477919095,0.5624230388476712,0.7881188173467586,0.7703433365964003
0.7526364906573241,0.9096024179817072,0.7420486663133721,0.9559919294294296,0.6754416027547155,0.9417214089089088,0.7526364906573241,0.5923443050894031,0.5,0.5,0.5719688285098824,0.5,0.7526364906573241,0.5864704624968105,0.7588317637490432,0.7547039380066339
0.587879094035908,0.6237335488882486,0.5711203693608696,0.6238251526212855,0.6220711168798158,0.587879094035908,0.587879094035908,0.6220711168798158,0.5559508216241963,0.6114142581860508,0.6210277428738665,0.5736838872963798,0.587879094035908,0.6238251526212855,0.5390334720310451,0.5431293351917418
0.5795108675938061,0.5889588692825198,0.5620451206959675,0.5795108675938061,0.5795108675938061,0.5795108675938061,0.5795108675938061,0.5805575183115095,0.5361153755398057,0.5795108675938061,0.5,0.5482961761420694,0.5795108675938061,0.5795108675938061,0.4905094073297001,0.4678616217764473
0.6378167470156106,0.591410484717303,0.5778971697494425,0.6378167470156106,0.639315140036731,0.6378167470156106,0.6378167470156106,0.639315140036731,0.6378167470156106,0.591410484717303,0.6378167470156106,0.6044183884297522,0.6378167470156106,0.6336569674012856,0.5178850436179981,0.4804080742489834
0.6333897808642055,0.6050568233272837,0.597464596713318,0.6333897808642055,0.6345096754623608,0.6333897808642055,0.6333897808642055,0.6287127354742444,0.5511531023679361,0.5317703893151463,0.5,0.531689044828431,0.6333897808642055,0.6352150992656108,0.5027410497998733,0.5358445387377612
0.6260505631690902,0.5921515732701003,0.5632537806139647,0.6260505631690902,0.6163939975125244,0.6260505631690902,0.6260505631690902,0.581439946065953,0.5677800327788819,0.6209164952168403,0.5,0.601808138926666,0.6260505631690902,0.6209164952168403,0.5509983029373132,0.5576796154874406
0.5720386667426142,0.6138963886990203,0.6138963886990203,0.6034342010328853,0.6002842807777019,0.5523520923520924,0.5720386667426142,0.5681150793650794,0.5439926046176048,0.6034342010328853,0.6086227405635302,0.5715394072301968,0.5720386667426142,0.6114365933773829,0.5225032752335385,0.4784119389382548
0.6244041430007927,0.5865295376551839,0.5671394276473645,0.6244041430007927,0.6217336884553382,0.6244041430007927,0.6244041430007927,0.6023435784475187,0.5193901100078195,0.6137130425744722,0.5,0.6332290771246398,0.6244041430007927,0.6358995316700945,0.5498677983105177,0.46831559396992206
0.6121375664499779,0.5948824129058542,0.6199145782509623,0.6121375664499779,0.6121375664499779,0.6121375664499779,0.6121375664499779,0.6078760174966481,0.5391187436992232,0.6121375664499779,0.5,0.5645611448572597,0.6121375664499779,0.6199145782509623,0.4984844031561084,0.56276969199383
0.5922164193617956,0.5899601074072077,0.5566073581061826,0.5899601074072077,0.5899601074072077,0.5922164193617956,0.5922164193617956,0.5899601074072077,0.6018561825575932,0.5664941854792952,0.5,0.5922164193617956,0.5922164193617956,0.5520432257207336,0.5039396282147067,0.4635127914320704
0.6077524831502105,0.6136159041272679,0.6105190572804209,0.6350919492396766,0.6367683415410689,0.6350919492396766,0.6077524831502105,0.5563849778054325,0.5870080410989503,0.6350919492396766,0.5,0.5757214320282502,0.6077524831502105,0.6381887960865233,0.4983794863340318,0.5504752908162
0.9756608886843584,0.9567637455350296,0.9756608886843584,0.9499594591633248,0.9405401062096872,0.9729581662393444,0.9743204844447368,0.9675381120388022,0.9783782204398864,0.9729654708946012,0.9756608886843584,0.8956639566395663,0.9756608886843584,0.9675673306598296,0.9459309417892022,0.8850722065172134
0.9783636111293728,0.9472932599945948,0.9783636111293728,0.518970189701897,0.9513509959897444,0.9756608886843584,0.9702481391390732,0.968878516278424,0.9742912658237094,0.968885820933681,0.9715885433786954,0.5,0.9783636111293728,0.9648207802832746,0.933794257080037,0.8824644445905375
0.9675892446255998,0.9310988392902796,0.9635388132857071,0.6755418228036727,0.9297438257401442,0.9554598645716916,0.9662415357307212,0.9473005646498514,0.9608360908406928,0.9608507001512064,0.9635388132857071,0.7021563342318061,0.9675892446255998,0.9513509959897444,0.9189329359600874,0.894586519989189
0.9810810810810808,0.9391891891891893,0.9797297297297298,0.8013513513513515,0.9486486486486488,0.9743243243243244,0.9729729729729728,0.9648648648648648,0.9810810810810808,0.9797297297297298,0.9783783783783784,0.645945945945946,0.9810810810810808,0.962162162162162,0.9324324324324323,0.8810810810810811
0.9824324324324324,0.9283783783783784,0.9824324324324324,0.9716216216216216,0.95,0.977027027027027,0.977027027027027,0.9621621621621622,0.977027027027027,0.9743243243243244,0.9756756756756756,0.6608108108108108,0.9824324324324324,0.9702702702702704,0.9243243243243244,0.8770270270270271
0.9783783783783784,0.945945945945946,0.977027027027027,0.9486486486486486,0.9486486486486488,0.9702702702702702,0.9716216216216216,0.972972972972973,0.9783783783783784,0.9810810810810812,0.977027027027027,0.9256756756756758,0.9783783783783784,0.9716216216216216,0.9256756756756755,0.9
0.9905405405405404,0.9635135135135134,0.9905405405405406,0.9513513513513514,0.9459459459459459,0.9864864864864864,0.9905405405405406,0.9810810810810808,0.9905405405405406,0.9905405405405404,0.9891891891891894,0.9716216216216216,0.9905405405405404,0.9824324324324324,0.937837837837838,0.9108108108108108
0.9797297297297296,0.9337837837837838,0.977027027027027,0.9405405405405406,0.945945945945946,0.9702702702702702,0.9689189189189188,0.954054054054054,0.9716216216216216,0.9756756756756756,0.9689189189189188,0.5824324324324325,0.9797297297297296,0.9567567567567568,0.9297297297297298,0.8756756756756756
0.9837837837837838,0.9527027027027029,0.9810810810810812,0.8364864864864865,0.9567567567567568,0.9783783783783784,0.9837837837837836,0.9756756756756756,0.9837837837837838,0.9810810810810812,0.9756756756756756,0.5,0.9837837837837838,0.9743243243243244,0.9364864864864866,0.8810810810810811
0.972972972972973,0.9391891891891893,0.9743243243243244,0.9527027027027029,0.95,0.8905405405405405,0.9716216216216216,0.9513513513513514,0.9702702702702702,0.9729729729729728,0.9689189189189188,0.5067567567567568,0.972972972972973,0.954054054054054,0.927027027027027,0.8702702702702704
0.7777777777777777,0.7277777777777777,0.5888888888888888,0.7277777777777777,0.9888888888888888,0.7833333333333333,0.7777777777777777,0.972222222222222,0.5555555555555557,0.5500000000000002,0.4944444444444444,0.55,0.7777777777777777,0.9777777777777776,0.9833333333333332,0.9888888888888888
0.8222222222222222,0.8444444444444443,0.6888888888888889,0.7388888888888888,0.9888888888888888,0.8388888888888889,0.8222222222222222,0.9666666666666665,0.5444444444444445,0.5833333333333334,0.5333333333333334,0.55,0.8222222222222222,0.9666666666666666,0.9888888888888888,0.9833333333333332
0.8444444444444444,0.8222222222222222,0.5666666666666668,0.7611111111111112,0.9944444444444444,0.85,0.8444444444444444,0.9722222222222221,0.5277777777777779,0.6666666666666667,0.5666666666666667,0.6277777777777779,0.8444444444444444,0.9833333333333332,0.9944444444444444,0.9777777777777776
0.7888888888888888,0.6888888888888889,0.5944444444444447,0.7,0.9944444444444444,0.7666666666666666,0.7888888888888888,0.9888888888888888,0.5555555555555556,0.5833333333333334,0.5388888888888889,0.6222222222222221,0.7888888888888888,0.972222222222222,0.9944444444444444,0.9777777777777776
0.8444444444444444,0.7666666666666665,0.6333333333333332,0.7222222222222221,0.9833333333333334,0.8055555555555554,0.8444444444444444,0.9611111111111116,0.5777777777777778,0.6000000000000001,0.55,0.5666666666666668,0.8444444444444444,0.9722222222222221,1.0,0.9833333333333332
0.8055555555555556,0.7833333333333334,0.6388888888888891,0.7055555555555556,0.9722222222222221,0.8166666666666668,0.8055555555555556,0.9611111111111108,0.6000000000000001,0.6388888888888891,0.5722222222222223,0.5277777777777778,0.8055555555555556,0.9722222222222221,0.9888888888888888,0.9666666666666665
0.7888888888888889,0.7111111111111109,0.5611111111111112,0.7000000000000002,0.9833333333333332,0.7833333333333332,0.7888888888888889,0.9666666666666666,0.5166666666666667,0.5777777777777777,0.5388888888888889,0.5611111111111111,0.7888888888888889,0.9777777777777776,0.9944444444444444,0.9944444444444444
0.8555555555555555,0.8555555555555555,0.5777777777777777,0.7333333333333335,0.9777777777777776,0.8499999999999999,0.8555555555555557,0.9777777777777776,0.5333333333333334,0.6111111111111112,0.5500000000000002,0.538888888888889,0.8555555555555557,0.9777777777777776,0.9833333333333332,0.9944444444444444
0.7833333333333332,0.7166666666666667,0.5833333333333333,0.7444444444444445,0.9944444444444444,0.7833333333333334,0.7833333333333332,0.9611111111111108,0.5777777777777777,0.6111111111111109,0.6055555555555556,0.5833333333333334,0.7833333333333332,0.9611111111111108,0.9777777777777776,0.9722222222222221
0.85,0.8611111111111113,0.6055555555555555,0.7777777777777778,0.9888888888888888,0.8111111111111111,0.85,0.9666666666666665,0.6111111111111109,0.6166666666666666,0.5777777777777777,0.5666666666666668,0.85,0.9666666666666665,1.0,1.0
0.7161458333333334,0.5552083333333333,0.9661458333333336,0.9661458333333336,0.9661458333333336,0.9661458333333336,0.9661458333333336,0.9661458333333336,0.9661458333333336,0.9661458333333336,0.9661458333333336,0.9661458333333336,0.9661458333333336,0.9661458333333336,0.9661458333333336,0.95
1.0,0.7202380952380953,1.0,1.0,1.0,1.0,1.0,1.0,1.0,1.0,1.0,0.9055555555555556,1.0,1.0,0.9513888888888888,0.8860780423280424
0.7430555555555556,0.6329365079365079,1.0,1.0,1.0,1.0,1.0,1.0,0.9623015873015872,0.9623015873015872,0.9623015873015872,0.9623015873015872,1.0,1.0,1.0,0.8229166666666667
0.7063492063492064,0.7063492063492064,0.9632936507936508,0.9632936507936508,1.0,1.0,0.9632936507936508,0.9632936507936508,1.0,1.0,1.0,0.9571759259259259,0.9632936507936508,1.0,1.0,0.9085648148148148
0.7352941176470589,0.7205882352941176,0.9611344537815126,0.9611344537815126,0.9611344537815126,0.9611344537815126,0.9611344537815126,0.9611344537815126,0.9611344537815126,0.9611344537815126,0.9611344537815126,0.7457983193277311,0.9611344537815126,0.9611344537815126,0.9611344537815126,0.7941176470588235
1.0,0.588235294117647,1.0,1.0,0.9632352941176472,0.9632352941176472,1.0,0.9632352941176472,0.9632352941176472,0.9632352941176472,0.9632352941176472,0.8823529411764706,1.0,0.9632352941176472,1.0,0.8088235294117647
0.7430555555555556,0.7063492063492064,1.0,1.0,0.9632936507936508,1.0,1.0,0.9632936507936508,0.9632936507936508,0.9632936507936508,0.9632936507936508,0.8470568783068784,1.0,0.9632936507936508,0.9513888888888888,0.9513888888888888
0.7430555555555556,0.6696428571428572,0.9571759259259259,0.9571759259259259,0.9623015873015872,0.9571759259259259,0.9571759259259259,1.0,1.0,1.0,0.9571759259259259,1.0,0.9571759259259259,1.0,0.9623015873015872,0.8657407407407407
0.7430555555555556,0.6329365079365079,0.9571759259259259,0.9571759259259259,0.8878968253968255,0.9571759259259259,0.9571759259259259,0.9513888888888888,0.9571759259259259,0.9571759259259259,0.9571759259259259,0.8715277777777777,0.9571759259259259,0.9513888888888888,0.9085648148148148,0.914351851851852
1.0,0.7569444444444444,1.0,1.0,0.9246031746031746,1.0,1.0,0.9623015873015872,1.0,1.0,1.0,0.9623015873015872,1.0,1.0,0.9623015873015872,0.9513888888888888
0.9575134168157424,0.9575134168157424,0.9575134168157424,0.8729874776386403,0.8613595706618963,0.9575134168157424,0.9575134168157424,0.9499105545617172,0.9114490161001788,0.9114490161001788,0.930679785330948,0.8729874776386403,0.9575134168157424,0.9074239713774596,0.849731663685152,0.9074239713774596
0.9555555555555556,0.9680555555555556,0.9555555555555556,0.947222222222222,0.947222222222222,0.9666666666666668,0.9555555555555556,0.9888888888888888,0.9680555555555556,0.9888888888888888,0.9888888888888888,0.977777777777778,0.9555555555555556,0.9888888888888888,0.947222222222222,0.7916666666666667
0.9886363636363636,0.9782608695652174,0.9886363636363636,0.9782608695652174,0.9782608695652174,0.9886363636363636,0.9886363636363636,1.0,0.9565217391304348,0.9565217391304348,0.9782608695652174,0.8364624505928854,0.9886363636363636,1.0,1.0,0.6739130434782609
0.9791666666666669,1.0,0.9791666666666669,0.8958333333333333,0.9375,0.9791666666666669,0.9791666666666669,0.9583333333333331,0.9791666666666669,0.9791666666666669,0.9791666666666669,0.8333333333333333,0.9791666666666669,0.9791666666666669,0.9166666666666669,0.9761904761904762
0.956439393939394,0.9678030303030304,0.956439393939394,0.9583333333333331,0.9886363636363636,0.9772727272727272,0.956439393939394,0.9886363636363636,0.9678030303030304,0.9678030303030304,0.9678030303030304,0.9886363636363636,0.956439393939394,0.9886363636363636,0.9678030303030304,0.7178030303030303
0.9791666666666669,0.9791666666666669,0.9791666666666669,0.8958333333333333,0.9583333333333331,0.9791666666666669,0.9791666666666669,0.9791666666666669,0.9583333333333331,0.9583333333333331,0.9583333333333331,0.8333333333333333,0.9791666666666669,0.9583333333333331,0.9583333333333331,0.7708333333333333
1.0,1.0,1.0,0.8958333333333333,0.956439393939394,1.0,1.0,0.9791666666666669,0.9583333333333331,0.9583333333333331,0.9583333333333331,0.9583333333333331,1.0,0.9791666666666669,0.956439393939394,0.9886363636363636
0.9666666666666668,0.9555555555555556,0.9666666666666668,0.947222222222222,0.9458333333333334,0.9666666666666668,0.9666666666666668,0.9458333333333334,0.9680555555555556,0.9680555555555556,0.9680555555555556,0.9263888888888888,0.9666666666666668,0.9458333333333334,0.9569444444444444,0.6972222222222223
0.8940217391304348,0.914855072463768,0.8940217391304348,0.8940217391304348,0.9257246376811592,0.8940217391304348,0.8940217391304348,0.8940217391304348,0.9048913043478262,0.9048913043478262,0.9048913043478262,0.9565217391304348,0.8940217391304348,0.9048913043478262,0.8315217391304349,0.9257246376811592
0.9555555555555556,0.977777777777778,0.9555555555555556,0.9434343434343434,0.977777777777778,0.9555555555555556,0.9555555555555556,0.9888888888888888,0.9550505050505051,0.9550505050505051,0.9550505050505051,0.897979797979798,0.9555555555555556,0.9888888888888888,0.9888888888888888,0.9666666666666668
0.65625,0.6604166666666667,0.65625,0.65625,0.6604166666666667,0.65625,0.65625,0.6625,0.6458333333333334,0.6583333333333334,0.6604166666666667,0.6229166666666668,0.65625,0.6583333333333334,0.6604166666666667,0.7104166666666667
0.75,0.75,0.75,0.75,0.75,0.75,0.75,0.75,0.75,0.75,0.75,0.7106481481481479,0.75,0.75,0.75,0.75
0.7708333333333334,0.7708333333333334,0.7708333333333334,0.7708333333333334,0.7708333333333334,0.7708333333333334,0.7708333333333334,0.7708333333333334,0.7708333333333334,0.75,0.7708333333333334,0.7708333333333334,0.7708333333333334,0.7708333333333334,0.7708333333333334,0.625
0.7708333333333334,0.7708333333333334,0.7708333333333334,0.7708333333333334,0.7708333333333334,0.7708333333333334,0.7708333333333334,0.7708333333333334,0.7708333333333334,0.7708333333333334,0.7708333333333334,0.7708333333333334,0.7708333333333334,0.7708333333333334,0.7708333333333334,0.7708333333333334
0.7399999999999999,0.8599999999999998,0.7399999999999999,0.7399999999999999,0.8499999999999999,0.7399999999999999,0.7399999999999999,0.8499999999999999,0.7699999999999998,0.7699999999999998,0.8499999999999999,0.7799999999999998,0.7399999999999999,0.7699999999999998,0.8499999999999999,0.7699999999999999
0.7361111111111109,0.75,0.7361111111111109,0.7361111111111109,0.75,0.7361111111111109,0.7361111111111109,0.75,0.75,0.75,0.75,0.75,0.7361111111111109,0.75,0.75,0.75
0.65625,0.7000000000000001,0.65625,0.65625,0.7000000000000001,0.65625,0.65625,0.7000000000000001,0.7000000000000001,0.71875,0.7000000000000001,0.6765625,0.65625,0.7000000000000001,0.71875,0.6812499999999999
0.9296296296296296,0.8425925925925926,0.9296296296296296,0.9296296296296296,0.9361111111111112,0.8907407407407406,0.9296296296296296,0.9361111111111112,0.9675925925925926,0.8972222222222221,0.9361111111111112,0.9675925925925926,0.9296296296296296,0.8972222222222221,0.9361111111111112,0.9351851851851852
0.7708333333333334,0.7708333333333334,0.7708333333333334,0.7708333333333334,0.7708333333333334,0.7708333333333334,0.7708333333333334,0.7708333333333334,0.75,0.7708333333333334,0.7708333333333334,0.7708333333333334,0.7708333333333334,0.7708333333333334,0.7708333333333334,0.640625
0.875,1.0,0.875,0.875,1.0,0.875,0.875,1.0,0.8906249999999999,1.0,0.8906249999999999,1.0,0.875,1.0,0.9565972222222222,0.9305555555555556
